ts_server,session_id,campaign_id,point_id,x_m,y_m,z_m,anchor_id,sample_index,rssi,channel,ts_us,addr1,addr2,addr3
2026-03-15T19:21:15.626013-03:00,demo_s2,train_02,P01,0.6,3.0,0.5,A3,1,-78,1,184439938,ff:ff:ff:ff:ff:ff,02:11:22:33:44:55,ff:ff:ff:ff:ff:ff
2026-03-15T19:21:15.626013-03:00,demo_s2,train_02,P01,0.6,3.0,0.5,A3,2,-80,1,184455747,ff:ff:ff:ff:ff:ff,02:11:22:33:44:55,ff:ff:ff:ff:ff:ff
2026-03-15T19:21:15.626013-03:00,demo_s2,train_02,P01,0.6,3.0,0.5,A3,3,-87,1,184474723,ff:ff:ff:ff:ff:ff,02:11:22:33:44:55,ff:ff:ff:ff:ff:ff
2026-03-15T19:21:15.626013-03:00,demo_s2,train_02,P01,0.6,3.0,0.5,A3,4,-81,5,186010813,ff:ff:ff:ff:ff:ff,02:11:22:33:44:55,ff:ff:ff:ff:ff:ff
2026-03-15T19:21:15.626013-03:00,demo_s2,train_02,P01,0.6,3.0,0.5,A3,5,-89,9,187565873,ff:ff:ff:ff:ff:ff,02:11:22:33:44:55,ff:ff:ff:ff:ff:ff
2026-03-15T19:21:15.626013-03:00,demo_s2,train_02,P01,0.6,3.0,0.5,A3,6,-88,9,187585264,ff:ff:ff:ff:ff:ff,02:11:22:33:44:55,ff:ff:ff:ff:ff:ff
2026-03-15T19:21:15.626013-03:00,demo_s2,train_02,P01,0.6,3.0,0.5,A3,7,-89,9,187601821,ff:ff:ff:ff:ff:ff,02:11:22:33:44:55,ff:ff:ff:ff:ff:ff
2026-03-15T19:21:15.626013-03:00,demo_s2,train_02,P01,0.6,3.0,0.5,A3,8,-87,13,189138905,ff:ff:ff:ff:ff:ff,02:11:22:33:44:55,ff:ff:ff:ff:ff:ff
2026-03-15T19:21:15.626013-03:00,demo_s2,train_02,P01,0.6,3.0,0.5,A3,9,-85,13,189156876,ff:ff:ff:ff:ff:ff,02:11:22:33:44:55,ff:ff:ff:ff:ff:ff
2026-03-15T19:21:15.626013-03:00,demo_s2,train_02,P01,0.6,3.0,0.5,A3,10,-81,3,190455925,ff:ff:ff:ff:ff:ff,02:11:22:33:44:55,ff:ff:ff:ff:ff:ff
2026-03-15T19:26:56.690996-03:00,demo_s2,train_02,P01,0.6,3.0,0.5,A1,1,-70,6,81635088,ff:ff:ff:ff:ff:ff,02:11:22:33:44:55,ff:ff:ff:ff:ff:ff
2026-03-15T19:26:56.690996-03:00,demo_s2,train_02,P01,0.6,3.0,0.5,A1,2,-64,6,81653087,ff:ff:ff:ff:ff:ff,02:11:22:33:44:55,ff:ff:ff:ff:ff:ff
2026-03-15T19:26:56.690996-03:00,demo_s2,train_02,P01,0.6,3.0,0.5,A1,3,-63,6,81672058,ff:ff:ff:ff:ff:ff,02:11:22:33:44:55,ff:ff:ff:ff:ff:ff
2026-03-15T19:26:56.690996-03:00,demo_s2,train_02,P01,0.6,3.0,0.5,A1,4,-65,6,81690071,ff:ff:ff:ff:ff:ff,02:11:22:33:44:55,ff:ff:ff:ff:ff:ff
2026-03-15T19:26:56.690996-03:00,demo_s2,train_02,P01,0.6,3.0,0.5,A1,5,-67,10,83227071,ff:ff:ff:ff:ff:ff,02:11:22:33:44:55,ff:ff:ff:ff:ff:ff
2026-03-15T19:26:56.690996-03:00,demo_s2,train_02,P01,0.6,3.0,0.5,A1,6,-66,10,83245066,ff:ff:ff:ff:ff:ff,02:11:22:33:44:55,ff:ff:ff:ff:ff:ff
2026-03-15T19:26:56.690996-03:00,demo_s2,train_02,P01,0.6,3.0,0.5,A1,7,-69,10,83263063,ff:ff:ff:ff:ff:ff,02:11:22:33:44:55,ff:ff:ff:ff:ff:ff
2026-03-15T19:26:56.690996-03:00,demo_s2,train_02,P01,0.6,3.0,0.5,A1,8,-65,4,86117076,ff:ff:ff:ff:ff:ff,02:11:22:33:44:55,ff:ff:ff:ff:ff:ff
2026-03-15T19:26:56.690996-03:00,demo_s2,train_02,P01,0.6,3.0,0.5,A1,9,-63,4,86135066,ff:ff:ff:ff:ff:ff,02:11:22:33:44:55,ff:ff:ff:ff:ff:ff
2026-03-15T19:26:56.690996-03:00,demo_s2,train_02,P01,0.6,3.0,0.5,A1,10,-64,4,86153073,ff:ff:ff:ff:ff:ff,02:11:22:33:44:55,ff:ff:ff:ff:ff:ff
2026-03-15T19:28:26.590960-03:00,demo_s2,train_02,P01,0.6,3.0,0.5,A2,1,-83,10,159989928,ff:ff:ff:ff:ff:ff,02:11:22:33:44:55,ff:ff:ff:ff:ff:ff
2026-03-15T19:28:26.590960-03:00,demo_s2,train_02,P01,0.6,3.0,0.5,A2,2,-85,11,160007958,ff:ff:ff:ff:ff:ff,02:11:22:33:44:55,ff:ff:ff:ff:ff:ff
2026-03-15T19:28:26.590960-03:00,demo_s2,train_02,P01,0.6,3.0,0.5,A2,3,-85,11,160025919,ff:ff:ff:ff:ff:ff,02:11:22:33:44:55,ff:ff:ff:ff:ff:ff
2026-03-15T19:28:26.590960-03:00,demo_s2,train_02,P01,0.6,3.0,0.5,A2,4,-87,11,160043930,ff:ff:ff:ff:ff:ff,02:11:22:33:44:55,ff:ff:ff:ff:ff:ff
2026-03-15T19:28:26.590960-03:00,demo_s2,train_02,P01,0.6,3.0,0.5,A2,5,-85,1,161340679,ff:ff:ff:ff:ff:ff,02:11:22:33:44:55,ff:ff:ff:ff:ff:ff
2026-03-15T19:28:26.590960-03:00,demo_s2,train_02,P01,0.6,3.0,0.5,A2,6,-87,1,161358929,ff:ff:ff:ff:ff:ff,02:11:22:33:44:55,ff:ff:ff:ff:ff:ff
2026-03-15T19:28:26.590960-03:00,demo_s2,train_02,P01,0.6,3.0,0.5,A2,7,-81,5,162914932,ff:ff:ff:ff:ff:ff,02:11:22:33:44:55,ff:ff:ff:ff:ff:ff
2026-03-15T19:28:26.590960-03:00,demo_s2,train_02,P01,0.6,3.0,0.5,A2,8,-83,5,162932928,ff:ff:ff:ff:ff:ff,02:11:22:33:44:55,ff:ff:ff:ff:ff:ff
2026-03-15T19:28:26.590960-03:00,demo_s2,train_02,P01,0.6,3.0,0.5,A2,9,-79,9,164469933,ff:ff:ff:ff:ff:ff,02:11:22:33:44:55,ff:ff:ff:ff:ff:ff
2026-03-15T19:28:26.590960-03:00,demo_s2,train_02,P01,0.6,3.0,0.5,A2,10,-81,9,164487928,ff:ff:ff:ff:ff:ff,02:11:22:33:44:55,ff:ff:ff:ff:ff:ff
2026-03-15T19:29:11.689120-03:00,demo_s2,train_02,P02,1.5,3.0,0.5,A3,1,-80,8,658564459,ff:ff:ff:ff:ff:ff,02:11:22:33:44:55,ff:ff:ff:ff:ff:ff
2026-03-15T19:29:11.689120-03:00,demo_s2,train_02,P02,1.5,3.0,0.5,A3,2,-80,8,658582494,ff:ff:ff:ff:ff:ff,02:11:22:33:44:55,ff:ff:ff:ff:ff:ff
2026-03-15T19:29:11.689120-03:00,demo_s2,train_02,P02,1.5,3.0,0.5,A3,3,-86,8,658601459,ff:ff:ff:ff:ff:ff,02:11:22:33:44:55,ff:ff:ff:ff:ff:ff
2026-03-15T19:29:11.689120-03:00,demo_s2,train_02,P02,1.5,3.0,0.5,A3,4,-79,12,660134529,ff:ff:ff:ff:ff:ff,02:11:22:33:44:55,ff:ff:ff:ff:ff:ff
2026-03-15T19:29:11.689120-03:00,demo_s2,train_02,P02,1.5,3.0,0.5,A3,5,-77,12,660152535,ff:ff:ff:ff:ff:ff,02:11:22:33:44:55,ff:ff:ff:ff:ff:ff
2026-03-15T19:29:11.689120-03:00,demo_s2,train_02,P02,1.5,3.0,0.5,A3,6,-76,2,661471576,ff:ff:ff:ff:ff:ff,02:11:22:33:44:55,ff:ff:ff:ff:ff:ff
2026-03-15T19:29:11.689120-03:00,demo_s2,train_02,P02,1.5,3.0,0.5,A3,7,-75,6,663043616,ff:ff:ff:ff:ff:ff,02:11:22:33:44:55,ff:ff:ff:ff:ff:ff
2026-03-15T19:29:11.689120-03:00,demo_s2,train_02,P02,1.5,3.0,0.5,A3,8,-77,6,663061632,ff:ff:ff:ff:ff:ff,02:11:22:33:44:55,ff:ff:ff:ff:ff:ff
2026-03-15T19:29:11.689120-03:00,demo_s2,train_02,P02,1.5,3.0,0.5,A3,9,-88,10,664599696,ff:ff:ff:ff:ff:ff,02:11:22:33:44:55,ff:ff:ff:ff:ff:ff
2026-03-15T19:29:11.689120-03:00,demo_s2,train_02,P02,1.5,3.0,0.5,A3,10,-81,10,664617661,ff:ff:ff:ff:ff:ff,02:11:22:33:44:55,ff:ff:ff:ff:ff:ff
2026-03-15T19:29:11.894123-03:00,demo_s2,train_02,P02,1.5,3.0,0.5,A2,1,-72,5,201895774,ff:ff:ff:ff:ff:ff,02:11:22:33:44:55,ff:ff:ff:ff:ff:ff
2026-03-15T19:29:11.894123-03:00,demo_s2,train_02,P02,1.5,3.0,0.5,A2,2,-72,5,201914740,ff:ff:ff:ff:ff:ff,02:11:22:33:44:55,ff:ff:ff:ff:ff:ff
2026-03-15T19:29:11.894123-03:00,demo_s2,train_02,P02,1.5,3.0,0.5,A2,3,-76,5,201932774,ff:ff:ff:ff:ff:ff,02:11:22:33:44:55,ff:ff:ff:ff:ff:ff
2026-03-15T19:29:11.894123-03:00,demo_s2,train_02,P02,1.5,3.0,0.5,A2,4,-82,8,203432764,ff:ff:ff:ff:ff:ff,02:11:22:33:44:55,ff:ff:ff:ff:ff:ff
2026-03-15T19:29:11.894123-03:00,demo_s2,train_02,P02,1.5,3.0,0.5,A2,5,-74,9,203488740,ff:ff:ff:ff:ff:ff,02:11:22:33:44:55,ff:ff:ff:ff:ff:ff
2026-03-15T19:29:11.894123-03:00,demo_s2,train_02,P02,1.5,3.0,0.5,A2,6,-77,9,203507730,ff:ff:ff:ff:ff:ff,02:11:22:33:44:55,ff:ff:ff:ff:ff:ff
2026-03-15T19:29:11.894123-03:00,demo_s2,train_02,P02,1.5,3.0,0.5,A2,7,-85,12,205006735,ff:ff:ff:ff:ff:ff,02:11:22:33:44:55,ff:ff:ff:ff:ff:ff
2026-03-15T19:29:11.894123-03:00,demo_s2,train_02,P02,1.5,3.0,0.5,A2,8,-80,12,205039201,ff:ff:ff:ff:ff:ff,02:11:22:33:44:55,ff:ff:ff:ff:ff:ff
2026-03-15T19:29:11.894123-03:00,demo_s2,train_02,P02,1.5,3.0,0.5,A2,9,-79,12,205043755,ff:ff:ff:ff:ff:ff,02:11:22:33:44:55,ff:ff:ff:ff:ff:ff
2026-03-15T19:29:11.894123-03:00,demo_s2,train_02,P02,1.5,3.0,0.5,A2,10,-82,13,205061791,ff:ff:ff:ff:ff:ff,02:11:22:33:44:55,ff:ff:ff:ff:ff:ff
2026-03-15T19:31:13.748862-03:00,demo_s2,train_02,P02,1.5,3.0,0.5,A1,1,-72,11,336743262,ff:ff:ff:ff:ff:ff,02:11:22:33:44:55,ff:ff:ff:ff:ff:ff
2026-03-15T19:31:13.748862-03:00,demo_s2,train_02,P02,1.5,3.0,0.5,A1,2,-71,11,336761270,ff:ff:ff:ff:ff:ff,02:11:22:33:44:55,ff:ff:ff:ff:ff:ff
2026-03-15T19:31:13.748862-03:00,demo_s2,train_02,P02,1.5,3.0,0.5,A1,3,-75,11,336779275,ff:ff:ff:ff:ff:ff,02:11:22:33:44:55,ff:ff:ff:ff:ff:ff
2026-03-15T19:31:13.748862-03:00,demo_s2,train_02,P02,1.5,3.0,0.5,A1,4,-62,1,338085869,ff:ff:ff:ff:ff:ff,02:11:22:33:44:55,ff:ff:ff:ff:ff:ff
2026-03-15T19:31:13.748862-03:00,demo_s2,train_02,P02,1.5,3.0,0.5,A1,5,-64,1,338097738,ff:ff:ff:ff:ff:ff,02:11:22:33:44:55,ff:ff:ff:ff:ff:ff
2026-03-15T19:31:13.748862-03:00,demo_s2,train_02,P02,1.5,3.0,0.5,A1,6,-67,5,339634316,ff:ff:ff:ff:ff:ff,02:11:22:33:44:55,ff:ff:ff:ff:ff:ff
2026-03-15T19:31:13.748862-03:00,demo_s2,train_02,P02,1.5,3.0,0.5,A1,7,-67,5,339652437,ff:ff:ff:ff:ff:ff,02:11:22:33:44:55,ff:ff:ff:ff:ff:ff
2026-03-15T19:31:13.748862-03:00,demo_s2,train_02,P02,1.5,3.0,0.5,A1,8,-70,5,339670262,ff:ff:ff:ff:ff:ff,02:11:22:33:44:55,ff:ff:ff:ff:ff:ff
2026-03-15T19:31:13.748862-03:00,demo_s2,train_02,P02,1.5,3.0,0.5,A1,9,-71,9,341207272,ff:ff:ff:ff:ff:ff,02:11:22:33:44:55,ff:ff:ff:ff:ff:ff
2026-03-15T19:31:13.748862-03:00,demo_s2,train_02,P02,1.5,3.0,0.5,A1,10,-72,9,341226258,ff:ff:ff:ff:ff:ff,02:11:22:33:44:55,ff:ff:ff:ff:ff:ff
2026-03-15T19:32:52.690499-03:00,demo_s2,train_02,P03,2.4,3.0,0.5,A2,1,-71,10,425505745,ff:ff:ff:ff:ff:ff,02:11:22:33:44:55,ff:ff:ff:ff:ff:ff
2026-03-15T19:32:52.690499-03:00,demo_s2,train_02,P03,2.4,3.0,0.5,A2,2,-73,10,425523757,ff:ff:ff:ff:ff:ff,02:11:22:33:44:55,ff:ff:ff:ff:ff:ff
2026-03-15T19:32:52.690499-03:00,demo_s2,train_02,P03,2.4,3.0,0.5,A2,3,-66,4,428375751,ff:ff:ff:ff:ff:ff,02:11:22:33:44:55,ff:ff:ff:ff:ff:ff
2026-03-15T19:32:52.690499-03:00,demo_s2,train_02,P03,2.4,3.0,0.5,A2,4,-65,4,428394757,ff:ff:ff:ff:ff:ff,02:11:22:33:44:55,ff:ff:ff:ff:ff:ff
2026-03-15T19:32:52.690499-03:00,demo_s2,train_02,P03,2.4,3.0,0.5,A2,5,-67,4,428412753,ff:ff:ff:ff:ff:ff,02:11:22:33:44:55,ff:ff:ff:ff:ff:ff
2026-03-15T19:32:52.690499-03:00,demo_s2,train_02,P03,2.4,3.0,0.5,A2,6,-67,8,429951433,ff:ff:ff:ff:ff:ff,02:11:22:33:44:55,ff:ff:ff:ff:ff:ff
2026-03-15T19:32:52.690499-03:00,demo_s2,train_02,P03,2.4,3.0,0.5,A2,7,-67,8,429968735,ff:ff:ff:ff:ff:ff,02:11:22:33:44:55,ff:ff:ff:ff:ff:ff
2026-03-15T19:32:52.690499-03:00,demo_s2,train_02,P03,2.4,3.0,0.5,A2,8,-69,8,429987718,ff:ff:ff:ff:ff:ff,02:11:22:33:44:55,ff:ff:ff:ff:ff:ff
2026-03-15T19:32:52.690499-03:00,demo_s2,train_02,P03,2.4,3.0,0.5,A2,9,-69,12,431542727,ff:ff:ff:ff:ff:ff,02:11:22:33:44:55,ff:ff:ff:ff:ff:ff
2026-03-15T19:32:52.690499-03:00,demo_s2,train_02,P03,2.4,3.0,0.5,A2,10,-66,2,432839626,ff:ff:ff:ff:ff:ff,02:11:22:33:44:55,ff:ff:ff:ff:ff:ff
2026-03-15T19:33:47.505926-03:00,demo_s2,train_02,P03,2.4,3.0,0.5,A3,1,-73,3,934480718,ff:ff:ff:ff:ff:ff,02:11:22:33:44:55,ff:ff:ff:ff:ff:ff
2026-03-15T19:33:47.505926-03:00,demo_s2,train_02,P03,2.4,3.0,0.5,A3,2,-71,3,934499677,ff:ff:ff:ff:ff:ff,02:11:22:33:44:55,ff:ff:ff:ff:ff:ff
2026-03-15T19:33:47.505926-03:00,demo_s2,train_02,P03,2.4,3.0,0.5,A3,3,-76,7,936071727,ff:ff:ff:ff:ff:ff,02:11:22:33:44:55,ff:ff:ff:ff:ff:ff
2026-03-15T19:33:47.505926-03:00,demo_s2,train_02,P03,2.4,3.0,0.5,A3,4,-79,11,937626798,ff:ff:ff:ff:ff:ff,02:11:22:33:44:55,ff:ff:ff:ff:ff:ff
2026-03-15T19:33:47.505926-03:00,demo_s2,train_02,P03,2.4,3.0,0.5,A3,5,-76,11,937644782,ff:ff:ff:ff:ff:ff,02:11:22:33:44:55,ff:ff:ff:ff:ff:ff
2026-03-15T19:33:47.505926-03:00,demo_s2,train_02,P03,2.4,3.0,0.5,A3,6,-74,1,938962570,ff:ff:ff:ff:ff:ff,02:11:22:33:44:55,ff:ff:ff:ff:ff:ff
2026-03-15T19:33:47.505926-03:00,demo_s2,train_02,P03,2.4,3.0,0.5,A3,7,-71,5,940535867,ff:ff:ff:ff:ff:ff,02:11:22:33:44:55,ff:ff:ff:ff:ff:ff
2026-03-15T19:33:47.505926-03:00,demo_s2,train_02,P03,2.4,3.0,0.5,A3,8,-85,9,942072949,ff:ff:ff:ff:ff:ff,02:11:22:33:44:55,ff:ff:ff:ff:ff:ff
2026-03-15T19:33:47.505926-03:00,demo_s2,train_02,P03,2.4,3.0,0.5,A3,9,-78,9,942108949,ff:ff:ff:ff:ff:ff,02:11:22:33:44:55,ff:ff:ff:ff:ff:ff
2026-03-15T19:33:47.505926-03:00,demo_s2,train_02,P03,2.4,3.0,0.5,A3,10,-81,9,942126944,ff:ff:ff:ff:ff:ff,02:11:22:33:44:55,ff:ff:ff:ff:ff:ff
2026-03-15T19:35:29.630246-03:00,demo_s2,train_02,P03,2.4,3.0,0.5,A1,1,-68,13,593280484,ff:ff:ff:ff:ff:ff,02:11:22:33:44:55,ff:ff:ff:ff:ff:ff
2026-03-15T19:35:29.630246-03:00,demo_s2,train_02,P03,2.4,3.0,0.5,A1,2,-66,13,593298643,ff:ff:ff:ff:ff:ff,02:11:22:33:44:55,ff:ff:ff:ff:ff:ff
2026-03-15T19:35:29.630246-03:00,demo_s2,train_02,P03,2.4,3.0,0.5,A1,3,-69,3,594578215,ff:ff:ff:ff:ff:ff,02:11:22:33:44:55,ff:ff:ff:ff:ff:ff
2026-03-15T19:35:29.630246-03:00,demo_s2,train_02,P03,2.4,3.0,0.5,A1,4,-62,3,594596478,ff:ff:ff:ff:ff:ff,02:11:22:33:44:55,ff:ff:ff:ff:ff:ff
2026-03-15T19:35:29.630246-03:00,demo_s2,train_02,P03,2.4,3.0,0.5,A1,5,-61,3,594614458,ff:ff:ff:ff:ff:ff,02:11:22:33:44:55,ff:ff:ff:ff:ff:ff
2026-03-15T19:35:29.630246-03:00,demo_s2,train_02,P03,2.4,3.0,0.5,A1,6,-65,7,596170466,ff:ff:ff:ff:ff:ff,02:11:22:33:44:55,ff:ff:ff:ff:ff:ff
2026-03-15T19:35:29.630246-03:00,demo_s2,train_02,P03,2.4,3.0,0.5,A1,7,-65,7,596188453,ff:ff:ff:ff:ff:ff,02:11:22:33:44:55,ff:ff:ff:ff:ff:ff
2026-03-15T19:35:29.630246-03:00,demo_s2,train_02,P03,2.4,3.0,0.5,A1,8,-68,11,597743432,ff:ff:ff:ff:ff:ff,02:11:22:33:44:55,ff:ff:ff:ff:ff:ff
2026-03-15T19:35:29.630246-03:00,demo_s2,train_02,P03,2.4,3.0,0.5,A1,9,-67,11,597761458,ff:ff:ff:ff:ff:ff,02:11:22:33:44:55,ff:ff:ff:ff:ff:ff
2026-03-15T19:35:29.630246-03:00,demo_s2,train_02,P03,2.4,3.0,0.5,A1,10,-61,1,599078192,ff:ff:ff:ff:ff:ff,02:11:22:33:44:55,ff:ff:ff:ff:ff:ff
2026-03-15T19:36:31.083986-03:00,demo_s2,train_02,P04,3.3,3.0,0.5,A3,1,-72,10,1099615191,ff:ff:ff:ff:ff:ff,02:11:22:33:44:55,ff:ff:ff:ff:ff:ff
2026-03-15T19:36:31.083986-03:00,demo_s2,train_02,P04,3.3,3.0,0.5,A3,2,-71,10,1099633197,ff:ff:ff:ff:ff:ff,02:11:22:33:44:55,ff:ff:ff:ff:ff:ff
2026-03-15T19:36:31.083986-03:00,demo_s2,train_02,P04,3.3,3.0,0.5,A3,3,-74,10,1099651191,ff:ff:ff:ff:ff:ff,02:11:22:33:44:55,ff:ff:ff:ff:ff:ff
2026-03-15T19:36:31.083986-03:00,demo_s2,train_02,P04,3.3,3.0,0.5,A3,4,-69,4,1102523296,ff:ff:ff:ff:ff:ff,02:11:22:33:44:55,ff:ff:ff:ff:ff:ff
2026-03-15T19:36:31.083986-03:00,demo_s2,train_02,P04,3.3,3.0,0.5,A3,5,-71,8,1104077336,ff:ff:ff:ff:ff:ff,02:11:22:33:44:55,ff:ff:ff:ff:ff:ff
2026-03-15T19:36:31.083986-03:00,demo_s2,train_02,P04,3.3,3.0,0.5,A3,6,-69,8,1104096328,ff:ff:ff:ff:ff:ff,02:11:22:33:44:55,ff:ff:ff:ff:ff:ff
2026-03-15T19:36:31.083986-03:00,demo_s2,train_02,P04,3.3,3.0,0.5,A3,7,-71,8,1104114355,ff:ff:ff:ff:ff:ff,02:11:22:33:44:55,ff:ff:ff:ff:ff:ff
2026-03-15T19:36:31.083986-03:00,demo_s2,train_02,P04,3.3,3.0,0.5,A3,8,-77,12,1105655096,ff:ff:ff:ff:ff:ff,02:11:22:33:44:55,ff:ff:ff:ff:ff:ff
2026-03-15T19:36:31.083986-03:00,demo_s2,train_02,P04,3.3,3.0,0.5,A3,9,-70,2,1106986424,ff:ff:ff:ff:ff:ff,02:11:22:33:44:55,ff:ff:ff:ff:ff:ff
2026-03-15T19:36:31.083986-03:00,demo_s2,train_02,P04,3.3,3.0,0.5,A3,10,-68,6,1108559483,ff:ff:ff:ff:ff:ff,02:11:22:33:44:55,ff:ff:ff:ff:ff:ff
2026-03-15T19:36:55.846584-03:00,demo_s2,train_02,P04,3.3,3.0,0.5,A2,1,-73,8,668466720,ff:ff:ff:ff:ff:ff,02:11:22:33:44:55,ff:ff:ff:ff:ff:ff
2026-03-15T19:36:55.846584-03:00,demo_s2,train_02,P04,3.3,3.0,0.5,A2,2,-75,8,668484610,ff:ff:ff:ff:ff:ff,02:11:22:33:44:55,ff:ff:ff:ff:ff:ff
2026-03-15T19:36:55.846584-03:00,demo_s2,train_02,P04,3.3,3.0,0.5,A2,3,-79,11,670004593,ff:ff:ff:ff:ff:ff,02:11:22:33:44:55,ff:ff:ff:ff:ff:ff
2026-03-15T19:36:55.846584-03:00,demo_s2,train_02,P04,3.3,3.0,0.5,A2,4,-76,11,670022617,ff:ff:ff:ff:ff:ff,02:11:22:33:44:55,ff:ff:ff:ff:ff:ff
2026-03-15T19:36:55.846584-03:00,demo_s2,train_02,P04,3.3,3.0,0.5,A2,5,-75,12,670040628,ff:ff:ff:ff:ff:ff,02:11:22:33:44:55,ff:ff:ff:ff:ff:ff
2026-03-15T19:36:55.846584-03:00,demo_s2,train_02,P04,3.3,3.0,0.5,A2,6,-76,12,670058590,ff:ff:ff:ff:ff:ff,02:11:22:33:44:55,ff:ff:ff:ff:ff:ff
2026-03-15T19:36:55.846584-03:00,demo_s2,train_02,P04,3.3,3.0,0.5,A2,7,-78,2,671338359,ff:ff:ff:ff:ff:ff,02:11:22:33:44:55,ff:ff:ff:ff:ff:ff
2026-03-15T19:36:55.846584-03:00,demo_s2,train_02,P04,3.3,3.0,0.5,A2,8,-75,2,671356619,ff:ff:ff:ff:ff:ff,02:11:22:33:44:55,ff:ff:ff:ff:ff:ff
2026-03-15T19:36:55.846584-03:00,demo_s2,train_02,P04,3.3,3.0,0.5,A2,9,-75,2,671374596,ff:ff:ff:ff:ff:ff,02:11:22:33:44:55,ff:ff:ff:ff:ff:ff
2026-03-15T19:36:55.846584-03:00,demo_s2,train_02,P04,3.3,3.0,0.5,A2,10,-72,6,672912583,ff:ff:ff:ff:ff:ff,02:11:22:33:44:55,ff:ff:ff:ff:ff:ff
2026-03-15T19:44:58.626928-03:00,demo_s2,train_02,P04,3.3,3.0,0.5,A1,1,-71,11,160093607,ff:ff:ff:ff:ff:ff,02:11:22:33:44:55,ff:ff:ff:ff:ff:ff
2026-03-15T19:44:58.626928-03:00,demo_s2,train_02,P04,3.3,3.0,0.5,A1,2,-70,11,160111604,ff:ff:ff:ff:ff:ff,02:11:22:33:44:55,ff:ff:ff:ff:ff:ff
2026-03-15T19:44:58.626928-03:00,demo_s2,train_02,P04,3.3,3.0,0.5,A1,3,-70,11,160129626,ff:ff:ff:ff:ff:ff,02:11:22:33:44:55,ff:ff:ff:ff:ff:ff
2026-03-15T19:44:58.626928-03:00,demo_s2,train_02,P04,3.3,3.0,0.5,A1,4,-70,1,161427343,ff:ff:ff:ff:ff:ff,02:11:22:33:44:55,ff:ff:ff:ff:ff:ff
2026-03-15T19:44:58.626928-03:00,demo_s2,train_02,P04,3.3,3.0,0.5,A1,5,-71,1,161445606,ff:ff:ff:ff:ff:ff,02:11:22:33:44:55,ff:ff:ff:ff:ff:ff
2026-03-15T19:44:58.626928-03:00,demo_s2,train_02,P04,3.3,3.0,0.5,A1,6,-72,5,162982605,ff:ff:ff:ff:ff:ff,02:11:22:33:44:55,ff:ff:ff:ff:ff:ff
2026-03-15T19:44:58.626928-03:00,demo_s2,train_02,P04,3.3,3.0,0.5,A1,7,-72,5,163001604,ff:ff:ff:ff:ff:ff,02:11:22:33:44:55,ff:ff:ff:ff:ff:ff
2026-03-15T19:44:58.626928-03:00,demo_s2,train_02,P04,3.3,3.0,0.5,A1,8,-73,5,163019608,ff:ff:ff:ff:ff:ff,02:11:22:33:44:55,ff:ff:ff:ff:ff:ff
2026-03-15T19:44:58.626928-03:00,demo_s2,train_02,P04,3.3,3.0,0.5,A1,9,-72,9,164556602,ff:ff:ff:ff:ff:ff,02:11:22:33:44:55,ff:ff:ff:ff:ff:ff
2026-03-15T19:44:58.626928-03:00,demo_s2,train_02,P04,3.3,3.0,0.5,A1,10,-71,9,164574602,ff:ff:ff:ff:ff:ff,02:11:22:33:44:55,ff:ff:ff:ff:ff:ff
2026-03-15T19:45:57.201841-03:00,demo_s2,train_02,P05,4.2,3.0,0.5,A3,1,-73,4,1665042031,ff:ff:ff:ff:ff:ff,02:11:22:33:44:55,ff:ff:ff:ff:ff:ff
2026-03-15T19:45:57.201841-03:00,demo_s2,train_02,P05,4.2,3.0,0.5,A3,2,-76,4,1665061004,ff:ff:ff:ff:ff:ff,02:11:22:33:44:55,ff:ff:ff:ff:ff:ff
2026-03-15T19:45:57.201841-03:00,demo_s2,train_02,P05,4.2,3.0,0.5,A3,3,-72,7,1666578042,ff:ff:ff:ff:ff:ff,02:11:22:33:44:55,ff:ff:ff:ff:ff:ff
2026-03-15T19:45:57.201841-03:00,demo_s2,train_02,P05,4.2,3.0,0.5,A3,4,-70,7,1666596037,ff:ff:ff:ff:ff:ff,02:11:22:33:44:55,ff:ff:ff:ff:ff:ff
2026-03-15T19:45:57.201841-03:00,demo_s2,train_02,P05,4.2,3.0,0.5,A3,5,-73,11,1668173088,ff:ff:ff:ff:ff:ff,02:11:22:33:44:55,ff:ff:ff:ff:ff:ff
2026-03-15T19:45:57.201841-03:00,demo_s2,train_02,P05,4.2,3.0,0.5,A3,6,-74,11,1668191092,ff:ff:ff:ff:ff:ff,02:11:22:33:44:55,ff:ff:ff:ff:ff:ff
2026-03-15T19:45:57.201841-03:00,demo_s2,train_02,P05,4.2,3.0,0.5,A3,7,-75,2,1669486900,ff:ff:ff:ff:ff:ff,02:11:22:33:44:55,ff:ff:ff:ff:ff:ff
2026-03-15T19:45:57.201841-03:00,demo_s2,train_02,P05,4.2,3.0,0.5,A3,8,-73,2,1669505130,ff:ff:ff:ff:ff:ff,02:11:22:33:44:55,ff:ff:ff:ff:ff:ff
2026-03-15T19:45:57.201841-03:00,demo_s2,train_02,P05,4.2,3.0,0.5,A3,9,-72,5,1671060237,ff:ff:ff:ff:ff:ff,02:11:22:33:44:55,ff:ff:ff:ff:ff:ff
2026-03-15T19:45:57.201841-03:00,demo_s2,train_02,P05,4.2,3.0,0.5,A3,10,-71,6,1671078201,ff:ff:ff:ff:ff:ff,02:11:22:33:44:55,ff:ff:ff:ff:ff:ff
2026-03-15T19:46:12.579102-03:00,demo_s2,train_02,P05,4.2,3.0,0.5,A2,1,-66,6,1227909106,ff:ff:ff:ff:ff:ff,02:11:22:33:44:55,ff:ff:ff:ff:ff:ff
2026-03-15T19:46:12.579102-03:00,demo_s2,train_02,P05,4.2,3.0,0.5,A2,2,-64,6,1227927075,ff:ff:ff:ff:ff:ff,02:11:22:33:44:55,ff:ff:ff:ff:ff:ff
2026-03-15T19:46:12.579102-03:00,demo_s2,train_02,P05,4.2,3.0,0.5,A2,3,-67,6,1227948244,ff:ff:ff:ff:ff:ff,02:11:22:33:44:55,ff:ff:ff:ff:ff:ff
2026-03-15T19:46:12.579102-03:00,demo_s2,train_02,P05,4.2,3.0,0.5,A2,4,-70,10,1229483079,ff:ff:ff:ff:ff:ff,02:11:22:33:44:55,ff:ff:ff:ff:ff:ff
2026-03-15T19:46:12.579102-03:00,demo_s2,train_02,P05,4.2,3.0,0.5,A2,5,-69,10,1229501066,ff:ff:ff:ff:ff:ff,02:11:22:33:44:55,ff:ff:ff:ff:ff:ff
2026-03-15T19:46:12.579102-03:00,demo_s2,train_02,P05,4.2,3.0,0.5,A2,6,-70,10,1229519062,ff:ff:ff:ff:ff:ff,02:11:22:33:44:55,ff:ff:ff:ff:ff:ff
2026-03-15T19:46:12.579102-03:00,demo_s2,train_02,P05,4.2,3.0,0.5,A2,7,-70,13,1231045666,ff:ff:ff:ff:ff:ff,02:11:22:33:44:55,ff:ff:ff:ff:ff:ff
2026-03-15T19:46:12.579102-03:00,demo_s2,train_02,P05,4.2,3.0,0.5,A2,8,-65,4,1232373087,ff:ff:ff:ff:ff:ff,02:11:22:33:44:55,ff:ff:ff:ff:ff:ff
2026-03-15T19:46:12.579102-03:00,demo_s2,train_02,P05,4.2,3.0,0.5,A2,9,-63,4,1232391061,ff:ff:ff:ff:ff:ff,02:11:22:33:44:55,ff:ff:ff:ff:ff:ff
2026-03-15T19:46:12.579102-03:00,demo_s2,train_02,P05,4.2,3.0,0.5,A2,10,-65,4,1232409058,ff:ff:ff:ff:ff:ff,02:11:22:33:44:55,ff:ff:ff:ff:ff:ff
2026-03-15T19:46:58.512223-03:00,demo_s2,train_02,P05,4.2,3.0,0.5,A1,1,-69,10,278572249,ff:ff:ff:ff:ff:ff,02:11:22:33:44:55,ff:ff:ff:ff:ff:ff
2026-03-15T19:46:58.512223-03:00,demo_s2,train_02,P05,4.2,3.0,0.5,A1,2,-68,10,278591265,ff:ff:ff:ff:ff:ff,02:11:22:33:44:55,ff:ff:ff:ff:ff:ff
2026-03-15T19:46:58.512223-03:00,demo_s2,train_02,P05,4.2,3.0,0.5,A1,3,-69,10,278609267,ff:ff:ff:ff:ff:ff,02:11:22:33:44:55,ff:ff:ff:ff:ff:ff
2026-03-15T19:46:58.512223-03:00,demo_s2,train_02,P05,4.2,3.0,0.5,A1,4,-69,4,281463264,ff:ff:ff:ff:ff:ff,02:11:22:33:44:55,ff:ff:ff:ff:ff:ff
2026-03-15T19:46:58.512223-03:00,demo_s2,train_02,P05,4.2,3.0,0.5,A1,5,-67,4,281482246,ff:ff:ff:ff:ff:ff,02:11:22:33:44:55,ff:ff:ff:ff:ff:ff
2026-03-15T19:46:58.512223-03:00,demo_s2,train_02,P05,4.2,3.0,0.5,A1,6,-68,4,281500248,ff:ff:ff:ff:ff:ff,02:11:22:33:44:55,ff:ff:ff:ff:ff:ff
2026-03-15T19:46:58.512223-03:00,demo_s2,train_02,P05,4.2,3.0,0.5,A1,7,-68,8,283037271,ff:ff:ff:ff:ff:ff,02:11:22:33:44:55,ff:ff:ff:ff:ff:ff
2026-03-15T19:46:58.512223-03:00,demo_s2,train_02,P05,4.2,3.0,0.5,A1,8,-68,8,283056490,ff:ff:ff:ff:ff:ff,02:11:22:33:44:55,ff:ff:ff:ff:ff:ff
2026-03-15T19:46:58.512223-03:00,demo_s2,train_02,P05,4.2,3.0,0.5,A1,9,-70,8,283074226,ff:ff:ff:ff:ff:ff,02:11:22:33:44:55,ff:ff:ff:ff:ff:ff
2026-03-15T19:46:58.512223-03:00,demo_s2,train_02,P05,4.2,3.0,0.5,A1,10,-69,12,284611250,ff:ff:ff:ff:ff:ff,02:11:22:33:44:55,ff:ff:ff:ff:ff:ff
2026-03-15T19:48:20.483156-03:00,demo_s2,train_02,P06,5.1,3.0,0.5,A3,1,-79,8,1807617739,ff:ff:ff:ff:ff:ff,02:11:22:33:44:55,ff:ff:ff:ff:ff:ff
2026-03-15T19:48:20.483156-03:00,demo_s2,train_02,P06,5.1,3.0,0.5,A3,2,-77,12,1809173799,ff:ff:ff:ff:ff:ff,02:11:22:33:44:55,ff:ff:ff:ff:ff:ff
2026-03-15T19:48:20.483156-03:00,demo_s2,train_02,P06,5.1,3.0,0.5,A3,3,-74,12,1809191801,ff:ff:ff:ff:ff:ff,02:11:22:33:44:55,ff:ff:ff:ff:ff:ff
2026-03-15T19:48:20.483156-03:00,demo_s2,train_02,P06,5.1,3.0,0.5,A3,4,-75,2,1810509834,ff:ff:ff:ff:ff:ff,02:11:22:33:44:55,ff:ff:ff:ff:ff:ff
2026-03-15T19:48:20.483156-03:00,demo_s2,train_02,P06,5.1,3.0,0.5,A3,5,-83,2,1810527842,ff:ff:ff:ff:ff:ff,02:11:22:33:44:55,ff:ff:ff:ff:ff:ff
2026-03-15T19:48:20.483156-03:00,demo_s2,train_02,P06,5.1,3.0,0.5,A3,6,-87,6,1812065879,ff:ff:ff:ff:ff:ff,02:11:22:33:44:55,ff:ff:ff:ff:ff:ff
2026-03-15T19:48:20.483156-03:00,demo_s2,train_02,P06,5.1,3.0,0.5,A3,7,-83,6,1812083879,ff:ff:ff:ff:ff:ff,02:11:22:33:44:55,ff:ff:ff:ff:ff:ff
2026-03-15T19:48:20.483156-03:00,demo_s2,train_02,P06,5.1,3.0,0.5,A3,8,-78,10,1813638917,ff:ff:ff:ff:ff:ff,02:11:22:33:44:55,ff:ff:ff:ff:ff:ff
2026-03-15T19:48:20.483156-03:00,demo_s2,train_02,P06,5.1,3.0,0.5,A3,9,-76,10,1813655958,ff:ff:ff:ff:ff:ff,02:11:22:33:44:55,ff:ff:ff:ff:ff:ff
2026-03-15T19:48:20.483156-03:00,demo_s2,train_02,P06,5.1,3.0,0.5,A3,10,-87,4,1816528043,ff:ff:ff:ff:ff:ff,02:11:22:33:44:55,ff:ff:ff:ff:ff:ff
2026-03-15T19:48:59.623025-03:00,demo_s2,train_02,P06,5.1,3.0,0.5,A2,1,-76,11,1392999362,ff:ff:ff:ff:ff:ff,02:11:22:33:44:55,ff:ff:ff:ff:ff:ff
2026-03-15T19:48:59.623025-03:00,demo_s2,train_02,P06,5.1,3.0,0.5,A2,2,-74,11,1393018329,ff:ff:ff:ff:ff:ff,02:11:22:33:44:55,ff:ff:ff:ff:ff:ff
2026-03-15T19:48:59.623025-03:00,demo_s2,train_02,P06,5.1,3.0,0.5,A2,3,-77,11,1393036353,ff:ff:ff:ff:ff:ff,02:11:22:33:44:55,ff:ff:ff:ff:ff:ff
2026-03-15T19:48:59.623025-03:00,demo_s2,train_02,P06,5.1,3.0,0.5,A2,4,-69,1,1394335090,ff:ff:ff:ff:ff:ff,02:11:22:33:44:55,ff:ff:ff:ff:ff:ff
2026-03-15T19:48:59.623025-03:00,demo_s2,train_02,P06,5.1,3.0,0.5,A2,5,-72,1,1394353347,ff:ff:ff:ff:ff:ff,02:11:22:33:44:55,ff:ff:ff:ff:ff:ff
2026-03-15T19:48:59.623025-03:00,demo_s2,train_02,P06,5.1,3.0,0.5,A2,6,-70,5,1395890335,ff:ff:ff:ff:ff:ff,02:11:22:33:44:55,ff:ff:ff:ff:ff:ff
2026-03-15T19:48:59.623025-03:00,demo_s2,train_02,P06,5.1,3.0,0.5,A2,7,-69,5,1395908342,ff:ff:ff:ff:ff:ff,02:11:22:33:44:55,ff:ff:ff:ff:ff:ff
2026-03-15T19:48:59.623025-03:00,demo_s2,train_02,P06,5.1,3.0,0.5,A2,8,-71,5,1395926342,ff:ff:ff:ff:ff:ff,02:11:22:33:44:55,ff:ff:ff:ff:ff:ff
2026-03-15T19:48:59.623025-03:00,demo_s2,train_02,P06,5.1,3.0,0.5,A2,9,-74,9,1397464336,ff:ff:ff:ff:ff:ff,02:11:22:33:44:55,ff:ff:ff:ff:ff:ff
2026-03-15T19:48:59.623025-03:00,demo_s2,train_02,P06,5.1,3.0,0.5,A2,10,-75,9,1397482344,ff:ff:ff:ff:ff:ff,02:11:22:33:44:55,ff:ff:ff:ff:ff:ff
2026-03-15T19:51:12.990965-03:00,demo_s2,train_02,P06,5.1,3.0,0.5,A1,1,-85,13,533610489,ff:ff:ff:ff:ff:ff,02:11:22:33:44:55,ff:ff:ff:ff:ff:ff
2026-03-15T19:51:12.990965-03:00,demo_s2,train_02,P06,5.1,3.0,0.5,A1,2,-79,13,533628485,ff:ff:ff:ff:ff:ff,02:11:22:33:44:55,ff:ff:ff:ff:ff:ff
2026-03-15T19:51:12.990965-03:00,demo_s2,train_02,P06,5.1,3.0,0.5,A1,3,-76,13,533646538,ff:ff:ff:ff:ff:ff,02:11:22:33:44:55,ff:ff:ff:ff:ff:ff
2026-03-15T19:51:12.990965-03:00,demo_s2,train_02,P06,5.1,3.0,0.5,A1,4,-74,3,534962468,ff:ff:ff:ff:ff:ff,02:11:22:33:44:55,ff:ff:ff:ff:ff:ff
2026-03-15T19:51:12.990965-03:00,demo_s2,train_02,P06,5.1,3.0,0.5,A1,5,-75,3,534983145,ff:ff:ff:ff:ff:ff,02:11:22:33:44:55,ff:ff:ff:ff:ff:ff
2026-03-15T19:51:12.990965-03:00,demo_s2,train_02,P06,5.1,3.0,0.5,A1,6,-74,7,536518476,ff:ff:ff:ff:ff:ff,02:11:22:33:44:55,ff:ff:ff:ff:ff:ff
2026-03-15T19:51:12.990965-03:00,demo_s2,train_02,P06,5.1,3.0,0.5,A1,7,-72,7,536539677,ff:ff:ff:ff:ff:ff,02:11:22:33:44:55,ff:ff:ff:ff:ff:ff
2026-03-15T19:51:12.990965-03:00,demo_s2,train_02,P06,5.1,3.0,0.5,A1,8,-75,11,538091452,ff:ff:ff:ff:ff:ff,02:11:22:33:44:55,ff:ff:ff:ff:ff:ff
2026-03-15T19:51:12.990965-03:00,demo_s2,train_02,P06,5.1,3.0,0.5,A1,9,-75,11,538109453,ff:ff:ff:ff:ff:ff,02:11:22:33:44:55,ff:ff:ff:ff:ff:ff
2026-03-15T19:51:12.990965-03:00,demo_s2,train_02,P06,5.1,3.0,0.5,A1,10,-78,11,538127450,ff:ff:ff:ff:ff:ff,02:11:22:33:44:55,ff:ff:ff:ff:ff:ff
2026-03-15T19:52:57.876369-03:00,demo_s2,train_02,P07,5.1,2.1,0.5,A2,1,-67,10,1632980305,ff:ff:ff:ff:ff:ff,02:11:22:33:44:55,ff:ff:ff:ff:ff:ff
2026-03-15T19:52:57.876369-03:00,demo_s2,train_02,P07,5.1,2.1,0.5,A2,2,-68,10,1632998292,ff:ff:ff:ff:ff:ff,02:11:22:33:44:55,ff:ff:ff:ff:ff:ff
2026-03-15T19:52:57.876369-03:00,demo_s2,train_02,P07,5.1,2.1,0.5,A2,3,-69,10,1633017314,ff:ff:ff:ff:ff:ff,02:11:22:33:44:55,ff:ff:ff:ff:ff:ff
2026-03-15T19:52:57.876369-03:00,demo_s2,train_02,P07,5.1,2.1,0.5,A2,4,-66,4,1635871293,ff:ff:ff:ff:ff:ff,02:11:22:33:44:55,ff:ff:ff:ff:ff:ff
2026-03-15T19:52:57.876369-03:00,demo_s2,train_02,P07,5.1,2.1,0.5,A2,5,-65,4,1635889280,ff:ff:ff:ff:ff:ff,02:11:22:33:44:55,ff:ff:ff:ff:ff:ff
2026-03-15T19:52:57.876369-03:00,demo_s2,train_02,P07,5.1,2.1,0.5,A2,6,-62,8,1637462560,ff:ff:ff:ff:ff:ff,02:11:22:33:44:55,ff:ff:ff:ff:ff:ff
2026-03-15T19:52:57.876369-03:00,demo_s2,train_02,P07,5.1,2.1,0.5,A2,7,-67,8,1637480073,ff:ff:ff:ff:ff:ff,02:11:22:33:44:55,ff:ff:ff:ff:ff:ff
2026-03-15T19:52:57.876369-03:00,demo_s2,train_02,P07,5.1,2.1,0.5,A2,8,-69,12,1639017286,ff:ff:ff:ff:ff:ff,02:11:22:33:44:55,ff:ff:ff:ff:ff:ff
2026-03-15T19:52:57.876369-03:00,demo_s2,train_02,P07,5.1,2.1,0.5,A2,9,-67,12,1639035263,ff:ff:ff:ff:ff:ff,02:11:22:33:44:55,ff:ff:ff:ff:ff:ff
2026-03-15T19:52:57.876369-03:00,demo_s2,train_02,P07,5.1,2.1,0.5,A2,10,-65,2,1640334005,ff:ff:ff:ff:ff:ff,02:11:22:33:44:55,ff:ff:ff:ff:ff:ff
2026-03-15T19:53:14.626093-03:00,demo_s2,train_02,P07,5.1,2.1,0.5,A3,1,-76,8,2082128896,ff:ff:ff:ff:ff:ff,02:11:22:33:44:55,ff:ff:ff:ff:ff:ff
2026-03-15T19:53:14.626093-03:00,demo_s2,train_02,P07,5.1,2.1,0.5,A3,2,-80,8,2082146890,ff:ff:ff:ff:ff:ff,02:11:22:33:44:55,ff:ff:ff:ff:ff:ff
2026-03-15T19:53:14.626093-03:00,demo_s2,train_02,P07,5.1,2.1,0.5,A3,3,-74,12,2083703945,ff:ff:ff:ff:ff:ff,02:11:22:33:44:55,ff:ff:ff:ff:ff:ff
2026-03-15T19:53:14.626093-03:00,demo_s2,train_02,P07,5.1,2.1,0.5,A3,4,-75,12,2083721928,ff:ff:ff:ff:ff:ff,02:11:22:33:44:55,ff:ff:ff:ff:ff:ff
2026-03-15T19:53:14.626093-03:00,demo_s2,train_02,P07,5.1,2.1,0.5,A3,5,-74,2,2085000716,ff:ff:ff:ff:ff:ff,02:11:22:33:44:55,ff:ff:ff:ff:ff:ff
2026-03-15T19:53:14.626093-03:00,demo_s2,train_02,P07,5.1,2.1,0.5,A3,6,-66,2,2085019361,ff:ff:ff:ff:ff:ff,02:11:22:33:44:55,ff:ff:ff:ff:ff:ff
2026-03-15T19:53:14.626093-03:00,demo_s2,train_02,P07,5.1,2.1,0.5,A3,7,-76,6,2086601939,ff:ff:ff:ff:ff:ff,02:11:22:33:44:55,ff:ff:ff:ff:ff:ff
2026-03-15T19:53:14.626093-03:00,demo_s2,train_02,P07,5.1,2.1,0.5,A3,8,-77,6,2086610024,ff:ff:ff:ff:ff:ff,02:11:22:33:44:55,ff:ff:ff:ff:ff:ff
2026-03-15T19:53:14.626093-03:00,demo_s2,train_02,P07,5.1,2.1,0.5,A3,9,-83,10,2088148100,ff:ff:ff:ff:ff:ff,02:11:22:33:44:55,ff:ff:ff:ff:ff:ff
2026-03-15T19:53:14.626093-03:00,demo_s2,train_02,P07,5.1,2.1,0.5,A3,10,-82,10,2088166075,ff:ff:ff:ff:ff:ff,02:11:22:33:44:55,ff:ff:ff:ff:ff:ff
2026-03-15T19:54:10.734164-03:00,demo_s2,train_02,P07,5.1,2.1,0.5,A1,1,-91,10,709073930,ff:ff:ff:ff:ff:ff,02:11:22:33:44:55,ff:ff:ff:ff:ff:ff
2026-03-15T19:54:10.734164-03:00,demo_s2,train_02,P07,5.1,2.1,0.5,A1,2,-86,10,709091937,ff:ff:ff:ff:ff:ff,02:11:22:33:44:55,ff:ff:ff:ff:ff:ff
2026-03-15T19:54:10.734164-03:00,demo_s2,train_02,P07,5.1,2.1,0.5,A1,3,-85,10,709109957,ff:ff:ff:ff:ff:ff,02:11:22:33:44:55,ff:ff:ff:ff:ff:ff
2026-03-15T19:54:10.734164-03:00,demo_s2,train_02,P07,5.1,2.1,0.5,A1,4,-74,4,711980943,ff:ff:ff:ff:ff:ff,02:11:22:33:44:55,ff:ff:ff:ff:ff:ff
2026-03-15T19:54:10.734164-03:00,demo_s2,train_02,P07,5.1,2.1,0.5,A1,5,-75,4,711998948,ff:ff:ff:ff:ff:ff,02:11:22:33:44:55,ff:ff:ff:ff:ff:ff
2026-03-15T19:54:10.734164-03:00,demo_s2,train_02,P07,5.1,2.1,0.5,A1,6,-83,12,715106938,ff:ff:ff:ff:ff:ff,02:11:22:33:44:55,ff:ff:ff:ff:ff:ff
2026-03-15T19:54:10.734164-03:00,demo_s2,train_02,P07,5.1,2.1,0.5,A1,7,-81,12,715124928,ff:ff:ff:ff:ff:ff,02:11:22:33:44:55,ff:ff:ff:ff:ff:ff
2026-03-15T19:54:10.734164-03:00,demo_s2,train_02,P07,5.1,2.1,0.5,A1,8,-82,12,715142938,ff:ff:ff:ff:ff:ff,02:11:22:33:44:55,ff:ff:ff:ff:ff:ff
2026-03-15T19:54:10.734164-03:00,demo_s2,train_02,P07,5.1,2.1,0.5,A1,9,-75,2,716425676,ff:ff:ff:ff:ff:ff,02:11:22:33:44:55,ff:ff:ff:ff:ff:ff
2026-03-15T19:54:10.734164-03:00,demo_s2,train_02,P07,5.1,2.1,0.5,A1,10,-73,2,716444381,ff:ff:ff:ff:ff:ff,02:11:22:33:44:55,ff:ff:ff:ff:ff:ff
2026-03-15T19:55:15.955902-03:00,demo_s2,train_02,P08,4.2,2.1,0.5,A2,1,-71,11,1769496728,ff:ff:ff:ff:ff:ff,02:11:22:33:44:55,ff:ff:ff:ff:ff:ff
2026-03-15T19:55:15.955902-03:00,demo_s2,train_02,P08,4.2,2.1,0.5,A2,2,-70,11,1769515704,ff:ff:ff:ff:ff:ff,02:11:22:33:44:55,ff:ff:ff:ff:ff:ff
2026-03-15T19:55:15.955902-03:00,demo_s2,train_02,P08,4.2,2.1,0.5,A2,3,-72,11,1769533694,ff:ff:ff:ff:ff:ff,02:11:22:33:44:55,ff:ff:ff:ff:ff:ff
2026-03-15T19:55:15.955902-03:00,demo_s2,train_02,P08,4.2,2.1,0.5,A2,4,-62,1,1770833487,ff:ff:ff:ff:ff:ff,02:11:22:33:44:55,ff:ff:ff:ff:ff:ff
2026-03-15T19:55:15.955902-03:00,demo_s2,train_02,P08,4.2,2.1,0.5,A2,5,-63,1,1770851750,ff:ff:ff:ff:ff:ff,02:11:22:33:44:55,ff:ff:ff:ff:ff:ff
2026-03-15T19:55:15.955902-03:00,demo_s2,train_02,P08,4.2,2.1,0.5,A2,6,-64,5,1772388714,ff:ff:ff:ff:ff:ff,02:11:22:33:44:55,ff:ff:ff:ff:ff:ff
2026-03-15T19:55:15.955902-03:00,demo_s2,train_02,P08,4.2,2.1,0.5,A2,7,-63,5,1772407692,ff:ff:ff:ff:ff:ff,02:11:22:33:44:55,ff:ff:ff:ff:ff:ff
2026-03-15T19:55:15.955902-03:00,demo_s2,train_02,P08,4.2,2.1,0.5,A2,8,-66,5,1772425701,ff:ff:ff:ff:ff:ff,02:11:22:33:44:55,ff:ff:ff:ff:ff:ff
2026-03-15T19:55:15.955902-03:00,demo_s2,train_02,P08,4.2,2.1,0.5,A2,9,-73,13,1775553714,ff:ff:ff:ff:ff:ff,02:11:22:33:44:55,ff:ff:ff:ff:ff:ff
2026-03-15T19:55:15.955902-03:00,demo_s2,train_02,P08,4.2,2.1,0.5,A2,10,-63,3,1776851687,ff:ff:ff:ff:ff:ff,02:11:22:33:44:55,ff:ff:ff:ff:ff:ff
2026-03-15T19:55:16.529280-03:00,demo_s2,train_02,P08,4.2,2.1,0.5,A3,1,-78,6,2223078580,ff:ff:ff:ff:ff:ff,02:11:22:33:44:55,ff:ff:ff:ff:ff:ff
2026-03-15T19:55:16.529280-03:00,demo_s2,train_02,P08,4.2,2.1,0.5,A3,2,-71,6,2223100547,ff:ff:ff:ff:ff:ff,02:11:22:33:44:55,ff:ff:ff:ff:ff:ff
2026-03-15T19:55:16.529280-03:00,demo_s2,train_02,P08,4.2,2.1,0.5,A3,3,-71,6,2223114567,ff:ff:ff:ff:ff:ff,02:11:22:33:44:55,ff:ff:ff:ff:ff:ff
2026-03-15T19:55:16.529280-03:00,demo_s2,train_02,P08,4.2,2.1,0.5,A3,4,-73,9,2224634658,ff:ff:ff:ff:ff:ff,02:11:22:33:44:55,ff:ff:ff:ff:ff:ff
2026-03-15T19:55:16.529280-03:00,demo_s2,train_02,P08,4.2,2.1,0.5,A3,5,-74,9,2224652611,ff:ff:ff:ff:ff:ff,02:11:22:33:44:55,ff:ff:ff:ff:ff:ff
2026-03-15T19:55:16.529280-03:00,demo_s2,train_02,P08,4.2,2.1,0.5,A3,6,-72,4,2227541726,ff:ff:ff:ff:ff:ff,02:11:22:33:44:55,ff:ff:ff:ff:ff:ff
2026-03-15T19:55:16.529280-03:00,demo_s2,train_02,P08,4.2,2.1,0.5,A3,7,-74,4,2227560728,ff:ff:ff:ff:ff:ff,02:11:22:33:44:55,ff:ff:ff:ff:ff:ff
2026-03-15T19:55:16.529280-03:00,demo_s2,train_02,P08,4.2,2.1,0.5,A3,8,-78,4,2227578709,ff:ff:ff:ff:ff:ff,02:11:22:33:44:55,ff:ff:ff:ff:ff:ff
2026-03-15T19:55:16.529280-03:00,demo_s2,train_02,P08,4.2,2.1,0.5,A3,9,-73,7,2229098779,ff:ff:ff:ff:ff:ff,02:11:22:33:44:55,ff:ff:ff:ff:ff:ff
2026-03-15T19:55:16.529280-03:00,demo_s2,train_02,P08,4.2,2.1,0.5,A3,10,-71,7,2229116782,ff:ff:ff:ff:ff:ff,02:11:22:33:44:55,ff:ff:ff:ff:ff:ff
2026-03-15T19:57:07.382751-03:00,demo_s2,train_02,P08,4.2,2.1,0.5,A1,1,-73,11,887607423,ff:ff:ff:ff:ff:ff,02:11:22:33:44:55,ff:ff:ff:ff:ff:ff
2026-03-15T19:57:07.382751-03:00,demo_s2,train_02,P08,4.2,2.1,0.5,A1,2,-69,1,888925150,ff:ff:ff:ff:ff:ff,02:11:22:33:44:55,ff:ff:ff:ff:ff:ff
2026-03-15T19:57:07.382751-03:00,demo_s2,train_02,P08,4.2,2.1,0.5,A1,3,-70,1,888943394,ff:ff:ff:ff:ff:ff,02:11:22:33:44:55,ff:ff:ff:ff:ff:ff
2026-03-15T19:57:07.382751-03:00,demo_s2,train_02,P08,4.2,2.1,0.5,A1,4,-69,5,890480410,ff:ff:ff:ff:ff:ff,02:11:22:33:44:55,ff:ff:ff:ff:ff:ff
2026-03-15T19:57:07.382751-03:00,demo_s2,train_02,P08,4.2,2.1,0.5,A1,5,-68,5,890498390,ff:ff:ff:ff:ff:ff,02:11:22:33:44:55,ff:ff:ff:ff:ff:ff
2026-03-15T19:57:07.382751-03:00,demo_s2,train_02,P08,4.2,2.1,0.5,A1,6,-70,5,890516381,ff:ff:ff:ff:ff:ff,02:11:22:33:44:55,ff:ff:ff:ff:ff:ff
2026-03-15T19:57:07.382751-03:00,demo_s2,train_02,P08,4.2,2.1,0.5,A1,7,-72,9,892054411,ff:ff:ff:ff:ff:ff,02:11:22:33:44:55,ff:ff:ff:ff:ff:ff
2026-03-15T19:57:07.382751-03:00,demo_s2,train_02,P08,4.2,2.1,0.5,A1,8,-73,9,892091412,ff:ff:ff:ff:ff:ff,02:11:22:33:44:55,ff:ff:ff:ff:ff:ff
2026-03-15T19:57:07.382751-03:00,demo_s2,train_02,P08,4.2,2.1,0.5,A1,9,-79,13,893626416,ff:ff:ff:ff:ff:ff,02:11:22:33:44:55,ff:ff:ff:ff:ff:ff
2026-03-15T19:57:07.382751-03:00,demo_s2,train_02,P08,4.2,2.1,0.5,A1,10,-78,13,893644380,ff:ff:ff:ff:ff:ff,02:11:22:33:44:55,ff:ff:ff:ff:ff:ff
2026-03-15T19:58:24.293094-03:00,demo_s2,train_02,P09,3.3,2.1,0.5,A3,1,-73,9,2391138210,ff:ff:ff:ff:ff:ff,02:11:22:33:44:55,ff:ff:ff:ff:ff:ff
2026-03-15T19:58:24.293094-03:00,demo_s2,train_02,P09,3.3,2.1,0.5,A3,2,-75,9,2391157166,ff:ff:ff:ff:ff:ff,02:11:22:33:44:55,ff:ff:ff:ff:ff:ff
2026-03-15T19:58:24.293094-03:00,demo_s2,train_02,P09,3.3,2.1,0.5,A3,3,-76,13,2392733249,ff:ff:ff:ff:ff:ff,02:11:22:33:44:55,ff:ff:ff:ff:ff:ff
2026-03-15T19:58:24.293094-03:00,demo_s2,train_02,P09,3.3,2.1,0.5,A3,4,-68,3,2394029273,ff:ff:ff:ff:ff:ff,02:11:22:33:44:55,ff:ff:ff:ff:ff:ff
2026-03-15T19:58:24.293094-03:00,demo_s2,train_02,P09,3.3,2.1,0.5,A3,5,-70,3,2394048272,ff:ff:ff:ff:ff:ff,02:11:22:33:44:55,ff:ff:ff:ff:ff:ff
2026-03-15T19:58:24.293094-03:00,demo_s2,train_02,P09,3.3,2.1,0.5,A3,6,-75,3,2394066263,ff:ff:ff:ff:ff:ff,02:11:22:33:44:55,ff:ff:ff:ff:ff:ff
2026-03-15T19:58:24.293094-03:00,demo_s2,train_02,P09,3.3,2.1,0.5,A3,7,-73,7,2395602311,ff:ff:ff:ff:ff:ff,02:11:22:33:44:55,ff:ff:ff:ff:ff:ff
2026-03-15T19:58:24.293094-03:00,demo_s2,train_02,P09,3.3,2.1,0.5,A3,8,-71,7,2395620312,ff:ff:ff:ff:ff:ff,02:11:22:33:44:55,ff:ff:ff:ff:ff:ff
2026-03-15T19:58:24.293094-03:00,demo_s2,train_02,P09,3.3,2.1,0.5,A3,9,-76,11,2397206278,ff:ff:ff:ff:ff:ff,02:11:22:33:44:55,ff:ff:ff:ff:ff:ff
2026-03-15T19:58:24.293094-03:00,demo_s2,train_02,P09,3.3,2.1,0.5,A3,10,-65,1,2398511170,ff:ff:ff:ff:ff:ff,02:11:22:33:44:55,ff:ff:ff:ff:ff:ff
2026-03-15T19:58:46.688729-03:00,demo_s2,train_02,P09,3.3,2.1,0.5,A1,1,-67,7,986517089,ff:ff:ff:ff:ff:ff,02:11:22:33:44:55,ff:ff:ff:ff:ff:ff
2026-03-15T19:58:46.688729-03:00,demo_s2,train_02,P09,3.3,2.1,0.5,A1,2,-65,7,986535099,ff:ff:ff:ff:ff:ff,02:11:22:33:44:55,ff:ff:ff:ff:ff:ff
2026-03-15T19:58:46.688729-03:00,demo_s2,train_02,P09,3.3,2.1,0.5,A1,3,-67,7,986554104,ff:ff:ff:ff:ff:ff,02:11:22:33:44:55,ff:ff:ff:ff:ff:ff
2026-03-15T19:58:46.688729-03:00,demo_s2,train_02,P09,3.3,2.1,0.5,A1,4,-68,11,988109083,ff:ff:ff:ff:ff:ff,02:11:22:33:44:55,ff:ff:ff:ff:ff:ff
2026-03-15T19:58:46.688729-03:00,demo_s2,train_02,P09,3.3,2.1,0.5,A1,5,-69,11,988127095,ff:ff:ff:ff:ff:ff,02:11:22:33:44:55,ff:ff:ff:ff:ff:ff
2026-03-15T19:58:46.688729-03:00,demo_s2,train_02,P09,3.3,2.1,0.5,A1,6,-65,1,989424820,ff:ff:ff:ff:ff:ff,02:11:22:33:44:55,ff:ff:ff:ff:ff:ff
2026-03-15T19:58:46.688729-03:00,demo_s2,train_02,P09,3.3,2.1,0.5,A1,7,-66,1,989443104,ff:ff:ff:ff:ff:ff,02:11:22:33:44:55,ff:ff:ff:ff:ff:ff
2026-03-15T19:58:46.688729-03:00,demo_s2,train_02,P09,3.3,2.1,0.5,A1,8,-64,5,990981094,ff:ff:ff:ff:ff:ff,02:11:22:33:44:55,ff:ff:ff:ff:ff:ff
2026-03-15T19:58:46.688729-03:00,demo_s2,train_02,P09,3.3,2.1,0.5,A1,9,-63,5,990999092,ff:ff:ff:ff:ff:ff,02:11:22:33:44:55,ff:ff:ff:ff:ff:ff
2026-03-15T19:58:46.688729-03:00,demo_s2,train_02,P09,3.3,2.1,0.5,A1,10,-66,5,991017084,ff:ff:ff:ff:ff:ff,02:11:22:33:44:55,ff:ff:ff:ff:ff:ff
2026-03-15T19:58:52.821836-03:00,demo_s2,train_02,P09,3.3,2.1,0.5,A2,1,-86,5,1986887760,ff:ff:ff:ff:ff:ff,02:11:22:33:44:55,ff:ff:ff:ff:ff:ff
2026-03-15T19:58:52.821836-03:00,demo_s2,train_02,P09,3.3,2.1,0.5,A2,2,-90,5,1986905739,ff:ff:ff:ff:ff:ff,02:11:22:33:44:55,ff:ff:ff:ff:ff:ff
2026-03-15T19:58:52.821836-03:00,demo_s2,train_02,P09,3.3,2.1,0.5,A2,3,-88,5,1986928692,ff:ff:ff:ff:ff:ff,02:11:22:33:44:55,ff:ff:ff:ff:ff:ff
2026-03-15T19:58:52.821836-03:00,demo_s2,train_02,P09,3.3,2.1,0.5,A2,4,-78,8,1988441732,ff:ff:ff:ff:ff:ff,02:11:22:33:44:55,ff:ff:ff:ff:ff:ff
2026-03-15T19:58:52.821836-03:00,demo_s2,train_02,P09,3.3,2.1,0.5,A2,5,-75,9,1988459754,ff:ff:ff:ff:ff:ff,02:11:22:33:44:55,ff:ff:ff:ff:ff:ff
2026-03-15T19:58:52.821836-03:00,demo_s2,train_02,P09,3.3,2.1,0.5,A2,6,-72,9,1988478746,ff:ff:ff:ff:ff:ff,02:11:22:33:44:55,ff:ff:ff:ff:ff:ff
2026-03-15T19:58:52.821836-03:00,demo_s2,train_02,P09,3.3,2.1,0.5,A2,7,-71,9,1988496740,ff:ff:ff:ff:ff:ff,02:11:22:33:44:55,ff:ff:ff:ff:ff:ff
2026-03-15T19:58:52.821836-03:00,demo_s2,train_02,P09,3.3,2.1,0.5,A2,8,-70,12,1990015740,ff:ff:ff:ff:ff:ff,02:11:22:33:44:55,ff:ff:ff:ff:ff:ff
2026-03-15T19:58:52.821836-03:00,demo_s2,train_02,P09,3.3,2.1,0.5,A2,9,-68,12,1990033730,ff:ff:ff:ff:ff:ff,02:11:22:33:44:55,ff:ff:ff:ff:ff:ff
2026-03-15T19:58:52.821836-03:00,demo_s2,train_02,P09,3.3,2.1,0.5,A2,10,-76,3,1991369733,ff:ff:ff:ff:ff:ff,02:11:22:33:44:55,ff:ff:ff:ff:ff:ff
2026-03-15T20:00:09.054374-03:00,demo_s2,train_02,P10,2.4,2.1,1.0,A3,1,-72,9,2502161001,ff:ff:ff:ff:ff:ff,02:11:22:33:44:55,ff:ff:ff:ff:ff:ff
2026-03-15T20:00:09.054374-03:00,demo_s2,train_02,P10,2.4,2.1,1.0,A3,2,-75,13,2503734944,ff:ff:ff:ff:ff:ff,02:11:22:33:44:55,ff:ff:ff:ff:ff:ff
2026-03-15T20:00:09.054374-03:00,demo_s2,train_02,P10,2.4,2.1,1.0,A3,3,-75,4,2505069986,ff:ff:ff:ff:ff:ff,02:11:22:33:44:55,ff:ff:ff:ff:ff:ff
2026-03-15T20:00:09.054374-03:00,demo_s2,train_02,P10,2.4,2.1,1.0,A3,4,-79,7,2506606018,ff:ff:ff:ff:ff:ff,02:11:22:33:44:55,ff:ff:ff:ff:ff:ff
2026-03-15T20:00:09.054374-03:00,demo_s2,train_02,P10,2.4,2.1,1.0,A3,5,-75,7,2506624020,ff:ff:ff:ff:ff:ff,02:11:22:33:44:55,ff:ff:ff:ff:ff:ff
2026-03-15T20:00:09.054374-03:00,demo_s2,train_02,P10,2.4,2.1,1.0,A3,6,-73,8,2506643052,ff:ff:ff:ff:ff:ff,02:11:22:33:44:55,ff:ff:ff:ff:ff:ff
2026-03-15T20:00:09.054374-03:00,demo_s2,train_02,P10,2.4,2.1,1.0,A3,7,-73,11,2508180055,ff:ff:ff:ff:ff:ff,02:11:22:33:44:55,ff:ff:ff:ff:ff:ff
2026-03-15T20:00:09.054374-03:00,demo_s2,train_02,P10,2.4,2.1,1.0,A3,8,-73,11,2508198061,ff:ff:ff:ff:ff:ff,02:11:22:33:44:55,ff:ff:ff:ff:ff:ff
2026-03-15T20:00:09.054374-03:00,demo_s2,train_02,P10,2.4,2.1,1.0,A3,9,-72,2,2509533121,ff:ff:ff:ff:ff:ff,02:11:22:33:44:55,ff:ff:ff:ff:ff:ff
2026-03-15T20:00:09.054374-03:00,demo_s2,train_02,P10,2.4,2.1,1.0,A3,10,-75,2,2509551133,ff:ff:ff:ff:ff:ff,02:11:22:33:44:55,ff:ff:ff:ff:ff:ff
2026-03-15T20:05:38.801745-03:00,demo_s2,train_02,P10,2.4,2.1,1.0,A1,1,-68,7,82009381,ff:ff:ff:ff:ff:ff,02:11:22:33:44:55,ff:ff:ff:ff:ff:ff
2026-03-15T20:05:38.801745-03:00,demo_s2,train_02,P10,2.4,2.1,1.0,A1,2,-67,7,82028375,ff:ff:ff:ff:ff:ff,02:11:22:33:44:55,ff:ff:ff:ff:ff:ff
2026-03-15T20:05:38.801745-03:00,demo_s2,train_02,P10,2.4,2.1,1.0,A1,3,-68,7,82047953,ff:ff:ff:ff:ff:ff,02:11:22:33:44:55,ff:ff:ff:ff:ff:ff
2026-03-15T20:05:38.801745-03:00,demo_s2,train_02,P10,2.4,2.1,1.0,A1,4,-71,11,83582354,ff:ff:ff:ff:ff:ff,02:11:22:33:44:55,ff:ff:ff:ff:ff:ff
2026-03-15T20:05:38.801745-03:00,demo_s2,train_02,P10,2.4,2.1,1.0,A1,5,-69,11,83600357,ff:ff:ff:ff:ff:ff,02:11:22:33:44:55,ff:ff:ff:ff:ff:ff
2026-03-15T20:05:38.801745-03:00,demo_s2,train_02,P10,2.4,2.1,1.0,A1,6,-72,11,83618353,ff:ff:ff:ff:ff:ff,02:11:22:33:44:55,ff:ff:ff:ff:ff:ff
2026-03-15T20:05:38.801745-03:00,demo_s2,train_02,P10,2.4,2.1,1.0,A1,7,-63,1,84918124,ff:ff:ff:ff:ff:ff,02:11:22:33:44:55,ff:ff:ff:ff:ff:ff
2026-03-15T20:05:38.801745-03:00,demo_s2,train_02,P10,2.4,2.1,1.0,A1,8,-64,1,84936359,ff:ff:ff:ff:ff:ff,02:11:22:33:44:55,ff:ff:ff:ff:ff:ff
2026-03-15T20:05:38.801745-03:00,demo_s2,train_02,P10,2.4,2.1,1.0,A1,9,-67,5,86473344,ff:ff:ff:ff:ff:ff,02:11:22:33:44:55,ff:ff:ff:ff:ff:ff
2026-03-15T20:05:38.801745-03:00,demo_s2,train_02,P10,2.4,2.1,1.0,A1,10,-66,5,86492365,ff:ff:ff:ff:ff:ff,02:11:22:33:44:55,ff:ff:ff:ff:ff:ff
2026-03-15T20:05:47.959653-03:00,demo_s2,train_02,P10,2.4,2.1,1.0,A2,1,-68,5,81329075,ff:ff:ff:ff:ff:ff,02:11:22:33:44:55,ff:ff:ff:ff:ff:ff
2026-03-15T20:05:47.959653-03:00,demo_s2,train_02,P10,2.4,2.1,1.0,A2,2,-67,5,81347088,ff:ff:ff:ff:ff:ff,02:11:22:33:44:55,ff:ff:ff:ff:ff:ff
2026-03-15T20:05:47.959653-03:00,demo_s2,train_02,P10,2.4,2.1,1.0,A2,3,-69,9,82901094,ff:ff:ff:ff:ff:ff,02:11:22:33:44:55,ff:ff:ff:ff:ff:ff
2026-03-15T20:05:47.959653-03:00,demo_s2,train_02,P10,2.4,2.1,1.0,A2,4,-70,9,82919095,ff:ff:ff:ff:ff:ff,02:11:22:33:44:55,ff:ff:ff:ff:ff:ff
2026-03-15T20:05:47.959653-03:00,demo_s2,train_02,P10,2.4,2.1,1.0,A2,5,-70,9,82937095,ff:ff:ff:ff:ff:ff,02:11:22:33:44:55,ff:ff:ff:ff:ff:ff
2026-03-15T20:05:47.959653-03:00,demo_s2,train_02,P10,2.4,2.1,1.0,A2,6,-68,3,85792069,ff:ff:ff:ff:ff:ff,02:11:22:33:44:55,ff:ff:ff:ff:ff:ff
2026-03-15T20:05:47.959653-03:00,demo_s2,train_02,P10,2.4,2.1,1.0,A2,7,-67,3,85811067,ff:ff:ff:ff:ff:ff,02:11:22:33:44:55,ff:ff:ff:ff:ff:ff
2026-03-15T20:05:47.959653-03:00,demo_s2,train_02,P10,2.4,2.1,1.0,A2,8,-69,3,85829087,ff:ff:ff:ff:ff:ff,02:11:22:33:44:55,ff:ff:ff:ff:ff:ff
2026-03-15T20:05:47.959653-03:00,demo_s2,train_02,P10,2.4,2.1,1.0,A2,9,-68,7,87365051,ff:ff:ff:ff:ff:ff,02:11:22:33:44:55,ff:ff:ff:ff:ff:ff
2026-03-15T20:05:47.959653-03:00,demo_s2,train_02,P10,2.4,2.1,1.0,A2,10,-67,7,87383067,ff:ff:ff:ff:ff:ff,02:11:22:33:44:55,ff:ff:ff:ff:ff:ff
2026-03-15T20:07:38.195166-03:00,demo_s2,train_02,P11,1.5,2.1,0.5,A1,1,-66,7,202010033,ff:ff:ff:ff:ff:ff,02:11:22:33:44:55,ff:ff:ff:ff:ff:ff
2026-03-15T20:07:38.195166-03:00,demo_s2,train_02,P11,1.5,2.1,0.5,A1,2,-65,7,202029036,ff:ff:ff:ff:ff:ff,02:11:22:33:44:55,ff:ff:ff:ff:ff:ff
2026-03-15T20:07:38.195166-03:00,demo_s2,train_02,P11,1.5,2.1,0.5,A1,3,-67,7,202048009,ff:ff:ff:ff:ff:ff,02:11:22:33:44:55,ff:ff:ff:ff:ff:ff
2026-03-15T20:07:38.195166-03:00,demo_s2,train_02,P11,1.5,2.1,0.5,A1,4,-68,10,203563988,ff:ff:ff:ff:ff:ff,02:11:22:33:44:55,ff:ff:ff:ff:ff:ff
2026-03-15T20:07:38.195166-03:00,demo_s2,train_02,P11,1.5,2.1,0.5,A1,5,-69,11,203581995,ff:ff:ff:ff:ff:ff,02:11:22:33:44:55,ff:ff:ff:ff:ff:ff
2026-03-15T20:07:38.195166-03:00,demo_s2,train_02,P11,1.5,2.1,0.5,A1,6,-66,11,203604263,ff:ff:ff:ff:ff:ff,02:11:22:33:44:55,ff:ff:ff:ff:ff:ff
2026-03-15T20:07:38.195166-03:00,demo_s2,train_02,P11,1.5,2.1,0.5,A1,7,-67,11,203617987,ff:ff:ff:ff:ff:ff,02:11:22:33:44:55,ff:ff:ff:ff:ff:ff
2026-03-15T20:07:38.195166-03:00,demo_s2,train_02,P11,1.5,2.1,0.5,A1,8,-73,11,203636018,ff:ff:ff:ff:ff:ff,02:11:22:33:44:55,ff:ff:ff:ff:ff:ff
2026-03-15T20:07:38.195166-03:00,demo_s2,train_02,P11,1.5,2.1,0.5,A1,9,-63,1,204917772,ff:ff:ff:ff:ff:ff,02:11:22:33:44:55,ff:ff:ff:ff:ff:ff
2026-03-15T20:07:38.195166-03:00,demo_s2,train_02,P11,1.5,2.1,0.5,A1,10,-65,1,204936002,ff:ff:ff:ff:ff:ff,02:11:22:33:44:55,ff:ff:ff:ff:ff:ff
2026-03-15T20:07:46.988560-03:00,demo_s2,train_02,P11,1.5,2.1,0.5,A2,1,-66,6,199865610,ff:ff:ff:ff:ff:ff,02:11:22:33:44:55,ff:ff:ff:ff:ff:ff
2026-03-15T20:07:46.988560-03:00,demo_s2,train_02,P11,1.5,2.1,0.5,A2,2,-67,7,199901626,ff:ff:ff:ff:ff:ff,02:11:22:33:44:55,ff:ff:ff:ff:ff:ff
2026-03-15T20:07:46.988560-03:00,demo_s2,train_02,P11,1.5,2.1,0.5,A2,3,-72,7,199919610,ff:ff:ff:ff:ff:ff,02:11:22:33:44:55,ff:ff:ff:ff:ff:ff
2026-03-15T20:07:46.988560-03:00,demo_s2,train_02,P11,1.5,2.1,0.5,A2,4,-67,10,201421649,ff:ff:ff:ff:ff:ff,02:11:22:33:44:55,ff:ff:ff:ff:ff:ff
2026-03-15T20:07:46.988560-03:00,demo_s2,train_02,P11,1.5,2.1,0.5,A2,5,-66,10,201440606,ff:ff:ff:ff:ff:ff,02:11:22:33:44:55,ff:ff:ff:ff:ff:ff
2026-03-15T20:07:46.988560-03:00,demo_s2,train_02,P11,1.5,2.1,0.5,A2,6,-67,10,201458634,ff:ff:ff:ff:ff:ff,02:11:22:33:44:55,ff:ff:ff:ff:ff:ff
2026-03-15T20:07:46.988560-03:00,demo_s2,train_02,P11,1.5,2.1,0.5,A2,7,-70,1,202773372,ff:ff:ff:ff:ff:ff,02:11:22:33:44:55,ff:ff:ff:ff:ff:ff
2026-03-15T20:07:46.988560-03:00,demo_s2,train_02,P11,1.5,2.1,0.5,A2,8,-71,1,202791614,ff:ff:ff:ff:ff:ff,02:11:22:33:44:55,ff:ff:ff:ff:ff:ff
2026-03-15T20:07:46.988560-03:00,demo_s2,train_02,P11,1.5,2.1,0.5,A2,9,-70,4,204313685,ff:ff:ff:ff:ff:ff,02:11:22:33:44:55,ff:ff:ff:ff:ff:ff
2026-03-15T20:07:46.988560-03:00,demo_s2,train_02,P11,1.5,2.1,0.5,A2,10,-69,5,204338883,ff:ff:ff:ff:ff:ff,02:11:22:33:44:55,ff:ff:ff:ff:ff:ff
2026-03-15T20:10:44.601647-03:00,demo_s2,train_02,P11,1.5,2.1,0.5,A3,1,-73,4,3114090263,ff:ff:ff:ff:ff:ff,02:11:22:33:44:55,ff:ff:ff:ff:ff:ff
2026-03-15T20:10:44.601647-03:00,demo_s2,train_02,P11,1.5,2.1,0.5,A3,2,-72,8,3115664272,ff:ff:ff:ff:ff:ff,02:11:22:33:44:55,ff:ff:ff:ff:ff:ff
2026-03-15T20:10:44.601647-03:00,demo_s2,train_02,P11,1.5,2.1,0.5,A3,3,-72,12,3117221312,ff:ff:ff:ff:ff:ff,02:11:22:33:44:55,ff:ff:ff:ff:ff:ff
2026-03-15T20:10:44.601647-03:00,demo_s2,train_02,P11,1.5,2.1,0.5,A3,4,-71,12,3117239332,ff:ff:ff:ff:ff:ff,02:11:22:33:44:55,ff:ff:ff:ff:ff:ff
2026-03-15T20:10:44.601647-03:00,demo_s2,train_02,P11,1.5,2.1,0.5,A3,5,-71,2,3118535095,ff:ff:ff:ff:ff:ff,02:11:22:33:44:55,ff:ff:ff:ff:ff:ff
2026-03-15T20:10:44.601647-03:00,demo_s2,train_02,P11,1.5,2.1,0.5,A3,6,-69,2,3118553383,ff:ff:ff:ff:ff:ff,02:11:22:33:44:55,ff:ff:ff:ff:ff:ff
2026-03-15T20:10:44.601647-03:00,demo_s2,train_02,P11,1.5,2.1,0.5,A3,7,-71,2,3118571384,ff:ff:ff:ff:ff:ff,02:11:22:33:44:55,ff:ff:ff:ff:ff:ff
2026-03-15T20:10:44.601647-03:00,demo_s2,train_02,P11,1.5,2.1,0.5,A3,8,-74,6,3120127411,ff:ff:ff:ff:ff:ff,02:11:22:33:44:55,ff:ff:ff:ff:ff:ff
2026-03-15T20:10:44.601647-03:00,demo_s2,train_02,P11,1.5,2.1,0.5,A3,9,-72,10,3121702462,ff:ff:ff:ff:ff:ff,02:11:22:33:44:55,ff:ff:ff:ff:ff:ff
2026-03-15T20:11:31.535955-03:00,demo_s2,train_02,P11,1.5,2.1,0.5,A3,10,-71,2,3172536912,ff:ff:ff:ff:ff:ff,02:11:22:33:44:55,ff:ff:ff:ff:ff:ff
2026-03-15T20:12:15.954391-03:00,demo_s2,train_02,P12,0.6,2.1,1.0,A3,1,-75,9,3220665784,ff:ff:ff:ff:ff:ff,02:11:22:33:44:55,ff:ff:ff:ff:ff:ff
2026-03-15T20:12:15.954391-03:00,demo_s2,train_02,P12,0.6,2.1,1.0,A3,2,-72,9,3220683798,ff:ff:ff:ff:ff:ff,02:11:22:33:44:55,ff:ff:ff:ff:ff:ff
2026-03-15T20:12:15.954391-03:00,demo_s2,train_02,P12,0.6,2.1,1.0,A3,3,-73,13,3222260873,ff:ff:ff:ff:ff:ff,02:11:22:33:44:55,ff:ff:ff:ff:ff:ff
2026-03-15T20:12:15.954391-03:00,demo_s2,train_02,P12,0.6,2.1,1.0,A3,4,-70,3,3223574891,ff:ff:ff:ff:ff:ff,02:11:22:33:44:55,ff:ff:ff:ff:ff:ff
2026-03-15T20:12:15.954391-03:00,demo_s2,train_02,P12,0.6,2.1,1.0,A3,5,-73,3,3223593907,ff:ff:ff:ff:ff:ff,02:11:22:33:44:55,ff:ff:ff:ff:ff:ff
2026-03-15T20:12:15.954391-03:00,demo_s2,train_02,P12,0.6,2.1,1.0,A3,6,-82,3,3223612865,ff:ff:ff:ff:ff:ff,02:11:22:33:44:55,ff:ff:ff:ff:ff:ff
2026-03-15T20:12:15.954391-03:00,demo_s2,train_02,P12,0.6,2.1,1.0,A3,7,-76,7,3225130944,ff:ff:ff:ff:ff:ff,02:11:22:33:44:55,ff:ff:ff:ff:ff:ff
2026-03-15T20:12:15.954391-03:00,demo_s2,train_02,P12,0.6,2.1,1.0,A3,8,-74,7,3225149933,ff:ff:ff:ff:ff:ff,02:11:22:33:44:55,ff:ff:ff:ff:ff:ff
2026-03-15T20:12:15.954391-03:00,demo_s2,train_02,P12,0.6,2.1,1.0,A3,9,-74,7,3225167950,ff:ff:ff:ff:ff:ff,02:11:22:33:44:55,ff:ff:ff:ff:ff:ff
2026-03-15T20:12:15.954391-03:00,demo_s2,train_02,P12,0.6,2.1,1.0,A3,10,-73,11,3226705253,ff:ff:ff:ff:ff:ff,02:11:22:33:44:55,ff:ff:ff:ff:ff:ff
2026-03-15T20:12:23.217143-03:00,demo_s2,train_02,P12,0.6,2.1,1.0,A2,1,-82,11,475938563,ff:ff:ff:ff:ff:ff,02:11:22:33:44:55,ff:ff:ff:ff:ff:ff
2026-03-15T20:12:23.217143-03:00,demo_s2,train_02,P12,0.6,2.1,1.0,A2,2,-83,11,475957540,ff:ff:ff:ff:ff:ff,02:11:22:33:44:55,ff:ff:ff:ff:ff:ff
2026-03-15T20:12:23.217143-03:00,demo_s2,train_02,P12,0.6,2.1,1.0,A2,3,-77,1,477272335,ff:ff:ff:ff:ff:ff,02:11:22:33:44:55,ff:ff:ff:ff:ff:ff
2026-03-15T20:12:23.217143-03:00,demo_s2,train_02,P12,0.6,2.1,1.0,A2,4,-79,5,478827551,ff:ff:ff:ff:ff:ff,02:11:22:33:44:55,ff:ff:ff:ff:ff:ff
2026-03-15T20:12:23.217143-03:00,demo_s2,train_02,P12,0.6,2.1,1.0,A2,5,-76,5,478847120,ff:ff:ff:ff:ff:ff,02:11:22:33:44:55,ff:ff:ff:ff:ff:ff
2026-03-15T20:12:23.217143-03:00,demo_s2,train_02,P12,0.6,2.1,1.0,A2,6,-77,5,478865563,ff:ff:ff:ff:ff:ff,02:11:22:33:44:55,ff:ff:ff:ff:ff:ff
2026-03-15T20:12:23.217143-03:00,demo_s2,train_02,P12,0.6,2.1,1.0,A2,7,-79,9,480401527,ff:ff:ff:ff:ff:ff,02:11:22:33:44:55,ff:ff:ff:ff:ff:ff
2026-03-15T20:12:23.217143-03:00,demo_s2,train_02,P12,0.6,2.1,1.0,A2,8,-77,9,480422005,ff:ff:ff:ff:ff:ff,02:11:22:33:44:55,ff:ff:ff:ff:ff:ff
2026-03-15T20:12:23.217143-03:00,demo_s2,train_02,P12,0.6,2.1,1.0,A2,9,-80,9,480438543,ff:ff:ff:ff:ff:ff,02:11:22:33:44:55,ff:ff:ff:ff:ff:ff
2026-03-15T20:12:23.217143-03:00,demo_s2,train_02,P12,0.6,2.1,1.0,A2,10,-84,13,481975544,ff:ff:ff:ff:ff:ff,02:11:22:33:44:55,ff:ff:ff:ff:ff:ff
2026-03-15T20:14:50.996657-03:00,demo_s2,train_02,P12,0.6,2.1,1.0,A1,1,-73,6,632489666,ff:ff:ff:ff:ff:ff,02:11:22:33:44:55,ff:ff:ff:ff:ff:ff
2026-03-15T20:14:50.996657-03:00,demo_s2,train_02,P12,0.6,2.1,1.0,A1,2,-71,6,632508676,ff:ff:ff:ff:ff:ff,02:11:22:33:44:55,ff:ff:ff:ff:ff:ff
2026-03-15T20:14:50.996657-03:00,demo_s2,train_02,P12,0.6,2.1,1.0,A1,3,-71,10,634065662,ff:ff:ff:ff:ff:ff,02:11:22:33:44:55,ff:ff:ff:ff:ff:ff
2026-03-15T20:14:50.996657-03:00,demo_s2,train_02,P12,0.6,2.1,1.0,A1,4,-70,10,634083675,ff:ff:ff:ff:ff:ff,02:11:22:33:44:55,ff:ff:ff:ff:ff:ff
2026-03-15T20:14:50.996657-03:00,demo_s2,train_02,P12,0.6,2.1,1.0,A1,5,-71,10,634102653,ff:ff:ff:ff:ff:ff,02:11:22:33:44:55,ff:ff:ff:ff:ff:ff
2026-03-15T20:14:50.996657-03:00,demo_s2,train_02,P12,0.6,2.1,1.0,A1,6,-72,4,636971652,ff:ff:ff:ff:ff:ff,02:11:22:33:44:55,ff:ff:ff:ff:ff:ff
2026-03-15T20:14:50.996657-03:00,demo_s2,train_02,P12,0.6,2.1,1.0,A1,7,-71,8,638526647,ff:ff:ff:ff:ff:ff,02:11:22:33:44:55,ff:ff:ff:ff:ff:ff
2026-03-15T20:14:50.996657-03:00,demo_s2,train_02,P12,0.6,2.1,1.0,A1,8,-70,8,638545647,ff:ff:ff:ff:ff:ff,02:11:22:33:44:55,ff:ff:ff:ff:ff:ff
2026-03-15T20:14:50.996657-03:00,demo_s2,train_02,P12,0.6,2.1,1.0,A1,9,-70,8,638563656,ff:ff:ff:ff:ff:ff,02:11:22:33:44:55,ff:ff:ff:ff:ff:ff
2026-03-15T20:14:50.996657-03:00,demo_s2,train_02,P12,0.6,2.1,1.0,A1,10,-71,12,640099660,ff:ff:ff:ff:ff:ff,02:11:22:33:44:55,ff:ff:ff:ff:ff:ff
2026-03-15T20:16:50.602825-03:00,demo_s2,train_02,P13,0.6,1.2,1.0,A1,1,-65,7,752507366,ff:ff:ff:ff:ff:ff,02:11:22:33:44:55,ff:ff:ff:ff:ff:ff
2026-03-15T20:16:50.602825-03:00,demo_s2,train_02,P13,0.6,1.2,1.0,A1,2,-63,7,752526130,ff:ff:ff:ff:ff:ff,02:11:22:33:44:55,ff:ff:ff:ff:ff:ff
2026-03-15T20:16:50.602825-03:00,demo_s2,train_02,P13,0.6,1.2,1.0,A1,3,-64,7,752551449,ff:ff:ff:ff:ff:ff,02:11:22:33:44:55,ff:ff:ff:ff:ff:ff
2026-03-15T20:16:50.602825-03:00,demo_s2,train_02,P13,0.6,1.2,1.0,A1,4,-67,11,754082305,ff:ff:ff:ff:ff:ff,02:11:22:33:44:55,ff:ff:ff:ff:ff:ff
2026-03-15T20:16:50.602825-03:00,demo_s2,train_02,P13,0.6,1.2,1.0,A1,5,-66,11,754100309,ff:ff:ff:ff:ff:ff,02:11:22:33:44:55,ff:ff:ff:ff:ff:ff
2026-03-15T20:16:50.602825-03:00,demo_s2,train_02,P13,0.6,1.2,1.0,A1,6,-68,11,754118297,ff:ff:ff:ff:ff:ff,02:11:22:33:44:55,ff:ff:ff:ff:ff:ff
2026-03-15T20:16:50.602825-03:00,demo_s2,train_02,P13,0.6,1.2,1.0,A1,7,-63,1,755416041,ff:ff:ff:ff:ff:ff,02:11:22:33:44:55,ff:ff:ff:ff:ff:ff
2026-03-15T20:16:50.602825-03:00,demo_s2,train_02,P13,0.6,1.2,1.0,A1,8,-64,1,755434312,ff:ff:ff:ff:ff:ff,02:11:22:33:44:55,ff:ff:ff:ff:ff:ff
2026-03-15T20:16:50.602825-03:00,demo_s2,train_02,P13,0.6,1.2,1.0,A1,9,-65,2,755452300,ff:ff:ff:ff:ff:ff,02:11:22:33:44:55,ff:ff:ff:ff:ff:ff
2026-03-15T20:16:50.602825-03:00,demo_s2,train_02,P13,0.6,1.2,1.0,A1,10,-66,5,756971304,ff:ff:ff:ff:ff:ff,02:11:22:33:44:55,ff:ff:ff:ff:ff:ff
2026-03-15T20:16:59.295713-03:00,demo_s2,train_02,P13,0.6,1.2,1.0,A2,1,-84,8,753382490,ff:ff:ff:ff:ff:ff,02:11:22:33:44:55,ff:ff:ff:ff:ff:ff
2026-03-15T20:16:59.295713-03:00,demo_s2,train_02,P13,0.6,1.2,1.0,A2,2,-82,8,753400498,ff:ff:ff:ff:ff:ff,02:11:22:33:44:55,ff:ff:ff:ff:ff:ff
2026-03-15T20:16:59.295713-03:00,demo_s2,train_02,P13,0.6,1.2,1.0,A2,3,-82,12,754954481,ff:ff:ff:ff:ff:ff,02:11:22:33:44:55,ff:ff:ff:ff:ff:ff
2026-03-15T20:16:59.295713-03:00,demo_s2,train_02,P13,0.6,1.2,1.0,A2,4,-79,12,754973486,ff:ff:ff:ff:ff:ff,02:11:22:33:44:55,ff:ff:ff:ff:ff:ff
2026-03-15T20:16:59.295713-03:00,demo_s2,train_02,P13,0.6,1.2,1.0,A2,5,-81,12,754992483,ff:ff:ff:ff:ff:ff,02:11:22:33:44:55,ff:ff:ff:ff:ff:ff
2026-03-15T20:16:59.295713-03:00,demo_s2,train_02,P13,0.6,1.2,1.0,A2,6,-73,2,756271220,ff:ff:ff:ff:ff:ff,02:11:22:33:44:55,ff:ff:ff:ff:ff:ff
2026-03-15T20:16:59.295713-03:00,demo_s2,train_02,P13,0.6,1.2,1.0,A2,7,-72,2,756289495,ff:ff:ff:ff:ff:ff,02:11:22:33:44:55,ff:ff:ff:ff:ff:ff
2026-03-15T20:16:59.295713-03:00,demo_s2,train_02,P13,0.6,1.2,1.0,A2,8,-76,2,756308471,ff:ff:ff:ff:ff:ff,02:11:22:33:44:55,ff:ff:ff:ff:ff:ff
2026-03-15T20:16:59.295713-03:00,demo_s2,train_02,P13,0.6,1.2,1.0,A2,9,-90,6,757863501,ff:ff:ff:ff:ff:ff,02:11:22:33:44:55,ff:ff:ff:ff:ff:ff
2026-03-15T20:16:59.295713-03:00,demo_s2,train_02,P13,0.6,1.2,1.0,A2,10,-85,6,757882480,ff:ff:ff:ff:ff:ff,02:11:22:33:44:55,ff:ff:ff:ff:ff:ff
2026-03-15T20:26:59.970252-03:00,demo_s2,train_02,P13,0.6,1.2,1.0,A3,1,-67,3,3749964,ff:ff:ff:ff:ff:ff,02:11:22:33:44:55,ff:ff:ff:ff:ff:ff
2026-03-15T20:26:59.970252-03:00,demo_s2,train_02,P13,0.6,1.2,1.0,A3,2,-64,3,3767985,ff:ff:ff:ff:ff:ff,02:11:22:33:44:55,ff:ff:ff:ff:ff:ff
2026-03-15T20:26:59.970252-03:00,demo_s2,train_02,P13,0.6,1.2,1.0,A3,3,-64,7,5321066,ff:ff:ff:ff:ff:ff,02:11:22:33:44:55,ff:ff:ff:ff:ff:ff
2026-03-15T20:26:59.970252-03:00,demo_s2,train_02,P13,0.6,1.2,1.0,A3,4,-62,7,5339065,ff:ff:ff:ff:ff:ff,02:11:22:33:44:55,ff:ff:ff:ff:ff:ff
2026-03-15T20:26:59.970252-03:00,demo_s2,train_02,P13,0.6,1.2,1.0,A3,5,-62,7,5357049,ff:ff:ff:ff:ff:ff,02:11:22:33:44:55,ff:ff:ff:ff:ff:ff
2026-03-15T20:26:59.970252-03:00,demo_s2,train_02,P13,0.6,1.2,1.0,A3,6,-63,11,6912090,ff:ff:ff:ff:ff:ff,02:11:22:33:44:55,ff:ff:ff:ff:ff:ff
2026-03-15T20:26:59.970252-03:00,demo_s2,train_02,P13,0.6,1.2,1.0,A3,7,-64,11,6930099,ff:ff:ff:ff:ff:ff,02:11:22:33:44:55,ff:ff:ff:ff:ff:ff
2026-03-15T20:26:59.970252-03:00,demo_s2,train_02,P13,0.6,1.2,1.0,A3,8,-66,1,8230884,ff:ff:ff:ff:ff:ff,02:11:22:33:44:55,ff:ff:ff:ff:ff:ff
2026-03-15T20:26:59.970252-03:00,demo_s2,train_02,P13,0.6,1.2,1.0,A3,9,-64,5,9786237,ff:ff:ff:ff:ff:ff,02:11:22:33:44:55,ff:ff:ff:ff:ff:ff
2026-03-15T20:26:59.970252-03:00,demo_s2,train_02,P13,0.6,1.2,1.0,A3,10,-62,5,9804190,ff:ff:ff:ff:ff:ff,02:11:22:33:44:55,ff:ff:ff:ff:ff:ff
2026-03-15T20:27:42.982915-03:00,demo_s2,train_02,P14,1.5,1.2,0.5,A3,1,-65,12,47433436,ff:ff:ff:ff:ff:ff,02:11:22:33:44:55,ff:ff:ff:ff:ff:ff
2026-03-15T20:27:42.982915-03:00,demo_s2,train_02,P14,1.5,1.2,0.5,A3,2,-58,2,48732238,ff:ff:ff:ff:ff:ff,02:11:22:33:44:55,ff:ff:ff:ff:ff:ff
2026-03-15T20:27:42.982915-03:00,demo_s2,train_02,P14,1.5,1.2,0.5,A3,3,-57,2,48750501,ff:ff:ff:ff:ff:ff,02:11:22:33:44:55,ff:ff:ff:ff:ff:ff
2026-03-15T20:27:42.982915-03:00,demo_s2,train_02,P14,1.5,1.2,0.5,A3,4,-57,2,48768499,ff:ff:ff:ff:ff:ff,02:11:22:33:44:55,ff:ff:ff:ff:ff:ff
2026-03-15T20:27:42.982915-03:00,demo_s2,train_02,P14,1.5,1.2,0.5,A3,5,-54,6,50325539,ff:ff:ff:ff:ff:ff,02:11:22:33:44:55,ff:ff:ff:ff:ff:ff
2026-03-15T20:27:42.982915-03:00,demo_s2,train_02,P14,1.5,1.2,0.5,A3,6,-57,6,50343527,ff:ff:ff:ff:ff:ff,02:11:22:33:44:55,ff:ff:ff:ff:ff:ff
2026-03-15T20:27:42.982915-03:00,demo_s2,train_02,P14,1.5,1.2,0.5,A3,7,-62,10,51876617,ff:ff:ff:ff:ff:ff,02:11:22:33:44:55,ff:ff:ff:ff:ff:ff
2026-03-15T20:27:42.982915-03:00,demo_s2,train_02,P14,1.5,1.2,0.5,A3,8,-62,10,51895026,ff:ff:ff:ff:ff:ff,02:11:22:33:44:55,ff:ff:ff:ff:ff:ff
2026-03-15T20:27:42.982915-03:00,demo_s2,train_02,P14,1.5,1.2,0.5,A3,9,-66,10,51912607,ff:ff:ff:ff:ff:ff,02:11:22:33:44:55,ff:ff:ff:ff:ff:ff
2026-03-15T20:27:42.982915-03:00,demo_s2,train_02,P14,1.5,1.2,0.5,A3,10,-55,4,54786731,ff:ff:ff:ff:ff:ff,02:11:22:33:44:55,ff:ff:ff:ff:ff:ff
2026-03-15T20:30:16.949982-03:00,demo_s2,train_02,P14,1.5,1.2,0.5,A1,1,-73,10,1560234444,ff:ff:ff:ff:ff:ff,02:11:22:33:44:55,ff:ff:ff:ff:ff:ff
2026-03-15T20:30:16.949982-03:00,demo_s2,train_02,P14,1.5,1.2,0.5,A1,2,-68,10,1560252442,ff:ff:ff:ff:ff:ff,02:11:22:33:44:55,ff:ff:ff:ff:ff:ff
2026-03-15T20:30:16.949982-03:00,demo_s2,train_02,P14,1.5,1.2,0.5,A1,3,-65,10,1560270445,ff:ff:ff:ff:ff:ff,02:11:22:33:44:55,ff:ff:ff:ff:ff:ff
2026-03-15T20:30:16.949982-03:00,demo_s2,train_02,P14,1.5,1.2,0.5,A1,4,-59,4,1563123443,ff:ff:ff:ff:ff:ff,02:11:22:33:44:55,ff:ff:ff:ff:ff:ff
2026-03-15T20:30:16.949982-03:00,demo_s2,train_02,P14,1.5,1.2,0.5,A1,5,-57,4,1563141451,ff:ff:ff:ff:ff:ff,02:11:22:33:44:55,ff:ff:ff:ff:ff:ff
2026-03-15T20:30:16.949982-03:00,demo_s2,train_02,P14,1.5,1.2,0.5,A1,6,-58,4,1563159453,ff:ff:ff:ff:ff:ff,02:11:22:33:44:55,ff:ff:ff:ff:ff:ff
2026-03-15T20:30:16.949982-03:00,demo_s2,train_02,P14,1.5,1.2,0.5,A1,7,-57,8,1564698430,ff:ff:ff:ff:ff:ff,02:11:22:33:44:55,ff:ff:ff:ff:ff:ff
2026-03-15T20:30:16.949982-03:00,demo_s2,train_02,P14,1.5,1.2,0.5,A1,8,-57,8,1564716450,ff:ff:ff:ff:ff:ff,02:11:22:33:44:55,ff:ff:ff:ff:ff:ff
2026-03-15T20:30:16.949982-03:00,demo_s2,train_02,P14,1.5,1.2,0.5,A1,9,-60,8,1564734444,ff:ff:ff:ff:ff:ff,02:11:22:33:44:55,ff:ff:ff:ff:ff:ff
2026-03-15T20:30:16.949982-03:00,demo_s2,train_02,P14,1.5,1.2,0.5,A1,10,-63,12,1566269454,ff:ff:ff:ff:ff:ff,02:11:22:33:44:55,ff:ff:ff:ff:ff:ff
2026-03-15T20:30:29.874657-03:00,demo_s2,train_02,P14,1.5,1.2,0.5,A2,1,-68,9,1559571146,ff:ff:ff:ff:ff:ff,02:11:22:33:44:55,ff:ff:ff:ff:ff:ff
2026-03-15T20:30:29.874657-03:00,demo_s2,train_02,P14,1.5,1.2,0.5,A2,2,-68,9,1559589046,ff:ff:ff:ff:ff:ff,02:11:22:33:44:55,ff:ff:ff:ff:ff:ff
2026-03-15T20:30:29.874657-03:00,demo_s2,train_02,P14,1.5,1.2,0.5,A2,3,-72,9,1559607052,ff:ff:ff:ff:ff:ff,02:11:22:33:44:55,ff:ff:ff:ff:ff:ff
2026-03-15T20:30:29.874657-03:00,demo_s2,train_02,P14,1.5,1.2,0.5,A2,4,-77,13,1561142107,ff:ff:ff:ff:ff:ff,02:11:22:33:44:55,ff:ff:ff:ff:ff:ff
2026-03-15T20:30:29.874657-03:00,demo_s2,train_02,P14,1.5,1.2,0.5,A2,5,-72,13,1561158064,ff:ff:ff:ff:ff:ff,02:11:22:33:44:55,ff:ff:ff:ff:ff:ff
2026-03-15T20:30:29.874657-03:00,demo_s2,train_02,P14,1.5,1.2,0.5,A2,6,-62,3,1562460047,ff:ff:ff:ff:ff:ff,02:11:22:33:44:55,ff:ff:ff:ff:ff:ff
2026-03-15T20:30:29.874657-03:00,demo_s2,train_02,P14,1.5,1.2,0.5,A2,7,-59,3,1562479027,ff:ff:ff:ff:ff:ff,02:11:22:33:44:55,ff:ff:ff:ff:ff:ff
2026-03-15T20:30:29.874657-03:00,demo_s2,train_02,P14,1.5,1.2,0.5,A2,8,-60,3,1562497043,ff:ff:ff:ff:ff:ff,02:11:22:33:44:55,ff:ff:ff:ff:ff:ff
2026-03-15T20:30:29.874657-03:00,demo_s2,train_02,P14,1.5,1.2,0.5,A2,9,-61,7,1564032025,ff:ff:ff:ff:ff:ff,02:11:22:33:44:55,ff:ff:ff:ff:ff:ff
2026-03-15T20:30:29.874657-03:00,demo_s2,train_02,P14,1.5,1.2,0.5,A2,10,-63,7,1564050034,ff:ff:ff:ff:ff:ff,02:11:22:33:44:55,ff:ff:ff:ff:ff:ff
2026-03-15T20:33:13.081508-03:00,demo_s2,train_02,P15,2.4,1.2,1.0,A1,1,-60,11,1737249916,ff:ff:ff:ff:ff:ff,02:11:22:33:44:55,ff:ff:ff:ff:ff:ff
2026-03-15T20:33:13.081508-03:00,demo_s2,train_02,P15,2.4,1.2,1.0,A1,2,-58,11,1737268927,ff:ff:ff:ff:ff:ff,02:11:22:33:44:55,ff:ff:ff:ff:ff:ff
2026-03-15T20:33:13.081508-03:00,demo_s2,train_02,P15,2.4,1.2,1.0,A1,3,-60,11,1737287904,ff:ff:ff:ff:ff:ff,02:11:22:33:44:55,ff:ff:ff:ff:ff:ff
2026-03-15T20:33:13.081508-03:00,demo_s2,train_02,P15,2.4,1.2,1.0,A1,4,-61,1,1738586628,ff:ff:ff:ff:ff:ff,02:11:22:33:44:55,ff:ff:ff:ff:ff:ff
2026-03-15T20:33:13.081508-03:00,demo_s2,train_02,P15,2.4,1.2,1.0,A1,5,-61,1,1738604937,ff:ff:ff:ff:ff:ff,02:11:22:33:44:55,ff:ff:ff:ff:ff:ff
2026-03-15T20:33:13.081508-03:00,demo_s2,train_02,P15,2.4,1.2,1.0,A1,6,-61,5,1740141934,ff:ff:ff:ff:ff:ff,02:11:22:33:44:55,ff:ff:ff:ff:ff:ff
2026-03-15T20:33:13.081508-03:00,demo_s2,train_02,P15,2.4,1.2,1.0,A1,7,-58,5,1740160919,ff:ff:ff:ff:ff:ff,02:11:22:33:44:55,ff:ff:ff:ff:ff:ff
2026-03-15T20:33:13.081508-03:00,demo_s2,train_02,P15,2.4,1.2,1.0,A1,8,-59,5,1740181007,ff:ff:ff:ff:ff:ff,02:11:22:33:44:55,ff:ff:ff:ff:ff:ff
2026-03-15T20:33:13.081508-03:00,demo_s2,train_02,P15,2.4,1.2,1.0,A1,9,-60,9,1741712924,ff:ff:ff:ff:ff:ff,02:11:22:33:44:55,ff:ff:ff:ff:ff:ff
2026-03-15T20:33:13.081508-03:00,demo_s2,train_02,P15,2.4,1.2,1.0,A1,10,-58,9,1741730921,ff:ff:ff:ff:ff:ff,02:11:22:33:44:55,ff:ff:ff:ff:ff:ff
2026-03-15T20:33:26.208630-03:00,demo_s2,train_02,P15,2.4,1.2,1.0,A2,1,-64,8,1739551477,ff:ff:ff:ff:ff:ff,02:11:22:33:44:55,ff:ff:ff:ff:ff:ff
2026-03-15T20:33:26.208630-03:00,demo_s2,train_02,P15,2.4,1.2,1.0,A2,2,-61,8,1739570350,ff:ff:ff:ff:ff:ff,02:11:22:33:44:55,ff:ff:ff:ff:ff:ff
2026-03-15T20:33:26.208630-03:00,demo_s2,train_02,P15,2.4,1.2,1.0,A2,3,-62,8,1739588387,ff:ff:ff:ff:ff:ff,02:11:22:33:44:55,ff:ff:ff:ff:ff:ff
2026-03-15T20:33:26.208630-03:00,demo_s2,train_02,P15,2.4,1.2,1.0,A2,4,-62,12,1741121362,ff:ff:ff:ff:ff:ff,02:11:22:33:44:55,ff:ff:ff:ff:ff:ff
2026-03-15T20:33:26.208630-03:00,demo_s2,train_02,P15,2.4,1.2,1.0,A2,5,-60,12,1741139375,ff:ff:ff:ff:ff:ff,02:11:22:33:44:55,ff:ff:ff:ff:ff:ff
2026-03-15T20:33:26.208630-03:00,demo_s2,train_02,P15,2.4,1.2,1.0,A2,6,-62,12,1741157574,ff:ff:ff:ff:ff:ff,02:11:22:33:44:55,ff:ff:ff:ff:ff:ff
2026-03-15T20:33:26.208630-03:00,demo_s2,train_02,P15,2.4,1.2,1.0,A2,7,-63,2,1742441125,ff:ff:ff:ff:ff:ff,02:11:22:33:44:55,ff:ff:ff:ff:ff:ff
2026-03-15T20:33:26.208630-03:00,demo_s2,train_02,P15,2.4,1.2,1.0,A2,8,-59,2,1742459352,ff:ff:ff:ff:ff:ff,02:11:22:33:44:55,ff:ff:ff:ff:ff:ff
2026-03-15T20:33:26.208630-03:00,demo_s2,train_02,P15,2.4,1.2,1.0,A2,9,-61,2,1742477342,ff:ff:ff:ff:ff:ff,02:11:22:33:44:55,ff:ff:ff:ff:ff:ff
2026-03-15T20:33:26.208630-03:00,demo_s2,train_02,P15,2.4,1.2,1.0,A2,10,-61,6,1744031344,ff:ff:ff:ff:ff:ff,02:11:22:33:44:55,ff:ff:ff:ff:ff:ff
2026-03-15T20:33:34.760227-03:00,demo_s2,train_02,P15,2.4,1.2,1.0,A3,1,-68,8,392351990,ff:ff:ff:ff:ff:ff,02:11:22:33:44:55,ff:ff:ff:ff:ff:ff
2026-03-15T20:33:34.760227-03:00,demo_s2,train_02,P15,2.4,1.2,1.0,A3,2,-65,8,392369906,ff:ff:ff:ff:ff:ff,02:11:22:33:44:55,ff:ff:ff:ff:ff:ff
2026-03-15T20:33:34.760227-03:00,demo_s2,train_02,P15,2.4,1.2,1.0,A3,3,-67,11,393925949,ff:ff:ff:ff:ff:ff,02:11:22:33:44:55,ff:ff:ff:ff:ff:ff
2026-03-15T20:33:34.760227-03:00,demo_s2,train_02,P15,2.4,1.2,1.0,A3,4,-67,11,393945987,ff:ff:ff:ff:ff:ff,02:11:22:33:44:55,ff:ff:ff:ff:ff:ff
2026-03-15T20:33:34.760227-03:00,demo_s2,train_02,P15,2.4,1.2,1.0,A3,5,-69,2,395262014,ff:ff:ff:ff:ff:ff,02:11:22:33:44:55,ff:ff:ff:ff:ff:ff
2026-03-15T20:33:34.760227-03:00,demo_s2,train_02,P15,2.4,1.2,1.0,A3,6,-75,2,395280994,ff:ff:ff:ff:ff:ff,02:11:22:33:44:55,ff:ff:ff:ff:ff:ff
2026-03-15T20:33:34.760227-03:00,demo_s2,train_02,P15,2.4,1.2,1.0,A3,7,-77,6,396817045,ff:ff:ff:ff:ff:ff,02:11:22:33:44:55,ff:ff:ff:ff:ff:ff
2026-03-15T20:33:34.760227-03:00,demo_s2,train_02,P15,2.4,1.2,1.0,A3,8,-70,6,396835047,ff:ff:ff:ff:ff:ff,02:11:22:33:44:55,ff:ff:ff:ff:ff:ff
2026-03-15T20:33:34.760227-03:00,demo_s2,train_02,P15,2.4,1.2,1.0,A3,9,-69,6,396853127,ff:ff:ff:ff:ff:ff,02:11:22:33:44:55,ff:ff:ff:ff:ff:ff
2026-03-15T20:33:34.760227-03:00,demo_s2,train_02,P15,2.4,1.2,1.0,A3,10,-67,9,398370114,ff:ff:ff:ff:ff:ff,02:11:22:33:44:55,ff:ff:ff:ff:ff:ff
2026-03-15T20:34:45.032495-03:00,demo_s2,train_02,P16,3.3,1.2,0.5,A3,1,-72,3,446263686,ff:ff:ff:ff:ff:ff,02:11:22:33:44:55,ff:ff:ff:ff:ff:ff
2026-03-15T20:34:45.032495-03:00,demo_s2,train_02,P16,3.3,1.2,0.5,A3,2,-77,3,446282686,ff:ff:ff:ff:ff:ff,02:11:22:33:44:55,ff:ff:ff:ff:ff:ff
2026-03-15T20:34:45.032495-03:00,demo_s2,train_02,P16,3.3,1.2,0.5,A3,3,-85,3,446300667,ff:ff:ff:ff:ff:ff,02:11:22:33:44:55,ff:ff:ff:ff:ff:ff
2026-03-15T20:34:45.032495-03:00,demo_s2,train_02,P16,3.3,1.2,0.5,A3,4,-71,7,447835722,ff:ff:ff:ff:ff:ff,02:11:22:33:44:55,ff:ff:ff:ff:ff:ff
2026-03-15T20:34:45.032495-03:00,demo_s2,train_02,P16,3.3,1.2,0.5,A3,5,-66,7,447853720,ff:ff:ff:ff:ff:ff,02:11:22:33:44:55,ff:ff:ff:ff:ff:ff
2026-03-15T20:34:45.032495-03:00,demo_s2,train_02,P16,3.3,1.2,0.5,A3,6,-66,11,449427808,ff:ff:ff:ff:ff:ff,02:11:22:33:44:55,ff:ff:ff:ff:ff:ff
2026-03-15T20:34:45.032495-03:00,demo_s2,train_02,P16,3.3,1.2,0.5,A3,7,-67,1,450749507,ff:ff:ff:ff:ff:ff,02:11:22:33:44:55,ff:ff:ff:ff:ff:ff
2026-03-15T20:34:45.032495-03:00,demo_s2,train_02,P16,3.3,1.2,0.5,A3,8,-70,1,450763840,ff:ff:ff:ff:ff:ff,02:11:22:33:44:55,ff:ff:ff:ff:ff:ff
2026-03-15T20:34:45.032495-03:00,demo_s2,train_02,P16,3.3,1.2,0.5,A3,9,-81,5,452300921,ff:ff:ff:ff:ff:ff,02:11:22:33:44:55,ff:ff:ff:ff:ff:ff
2026-03-15T20:34:45.032495-03:00,demo_s2,train_02,P16,3.3,1.2,0.5,A3,10,-83,5,452319287,ff:ff:ff:ff:ff:ff,02:11:22:33:44:55,ff:ff:ff:ff:ff:ff
2026-03-15T20:35:33.331054-03:00,demo_s2,train_02,P16,3.3,1.2,0.5,A1,1,-82,13,1876785524,ff:ff:ff:ff:ff:ff,02:11:22:33:44:55,ff:ff:ff:ff:ff:ff
2026-03-15T20:35:33.331054-03:00,demo_s2,train_02,P16,3.3,1.2,0.5,A1,2,-82,13,1876803479,ff:ff:ff:ff:ff:ff,02:11:22:33:44:55,ff:ff:ff:ff:ff:ff
2026-03-15T20:35:33.331054-03:00,demo_s2,train_02,P16,3.3,1.2,0.5,A1,3,-66,3,1878104468,ff:ff:ff:ff:ff:ff,02:11:22:33:44:55,ff:ff:ff:ff:ff:ff
2026-03-15T20:35:33.331054-03:00,demo_s2,train_02,P16,3.3,1.2,0.5,A1,4,-64,3,1878122466,ff:ff:ff:ff:ff:ff,02:11:22:33:44:55,ff:ff:ff:ff:ff:ff
2026-03-15T20:35:33.331054-03:00,demo_s2,train_02,P16,3.3,1.2,0.5,A1,5,-65,3,1878140473,ff:ff:ff:ff:ff:ff,02:11:22:33:44:55,ff:ff:ff:ff:ff:ff
2026-03-15T20:35:33.331054-03:00,demo_s2,train_02,P16,3.3,1.2,0.5,A1,6,-68,7,1879677214,ff:ff:ff:ff:ff:ff,02:11:22:33:44:55,ff:ff:ff:ff:ff:ff
2026-03-15T20:35:33.331054-03:00,demo_s2,train_02,P16,3.3,1.2,0.5,A1,7,-67,7,1879694495,ff:ff:ff:ff:ff:ff,02:11:22:33:44:55,ff:ff:ff:ff:ff:ff
2026-03-15T20:35:33.331054-03:00,demo_s2,train_02,P16,3.3,1.2,0.5,A1,8,-69,7,1879712479,ff:ff:ff:ff:ff:ff,02:11:22:33:44:55,ff:ff:ff:ff:ff:ff
2026-03-15T20:35:33.331054-03:00,demo_s2,train_02,P16,3.3,1.2,0.5,A1,9,-76,7,1879730480,ff:ff:ff:ff:ff:ff,02:11:22:33:44:55,ff:ff:ff:ff:ff:ff
2026-03-15T20:35:33.331054-03:00,demo_s2,train_02,P16,3.3,1.2,0.5,A1,10,-72,11,1881250454,ff:ff:ff:ff:ff:ff,02:11:22:33:44:55,ff:ff:ff:ff:ff:ff
2026-03-15T20:40:51.100541-03:00,demo_s2,train_02,P16,3.3,1.2,0.5,A2,1,-56,6,81580568,ff:ff:ff:ff:ff:ff,02:11:22:33:44:55,ff:ff:ff:ff:ff:ff
2026-03-15T20:40:51.100541-03:00,demo_s2,train_02,P16,3.3,1.2,0.5,A2,2,-58,6,81598477,ff:ff:ff:ff:ff:ff,02:11:22:33:44:55,ff:ff:ff:ff:ff:ff
2026-03-15T20:40:51.100541-03:00,demo_s2,train_02,P16,3.3,1.2,0.5,A2,3,-60,10,83139867,ff:ff:ff:ff:ff:ff,02:11:22:33:44:55,ff:ff:ff:ff:ff:ff
2026-03-15T20:40:51.100541-03:00,demo_s2,train_02,P16,3.3,1.2,0.5,A2,4,-59,10,83155491,ff:ff:ff:ff:ff:ff,02:11:22:33:44:55,ff:ff:ff:ff:ff:ff
2026-03-15T20:40:51.100541-03:00,demo_s2,train_02,P16,3.3,1.2,0.5,A2,5,-61,10,83174487,ff:ff:ff:ff:ff:ff,02:11:22:33:44:55,ff:ff:ff:ff:ff:ff
2026-03-15T20:40:51.100541-03:00,demo_s2,train_02,P16,3.3,1.2,0.5,A2,6,-57,4,86027475,ff:ff:ff:ff:ff:ff,02:11:22:33:44:55,ff:ff:ff:ff:ff:ff
2026-03-15T20:40:51.100541-03:00,demo_s2,train_02,P16,3.3,1.2,0.5,A2,7,-56,4,86045470,ff:ff:ff:ff:ff:ff,02:11:22:33:44:55,ff:ff:ff:ff:ff:ff
2026-03-15T20:40:51.100541-03:00,demo_s2,train_02,P16,3.3,1.2,0.5,A2,8,-58,4,86063475,ff:ff:ff:ff:ff:ff,02:11:22:33:44:55,ff:ff:ff:ff:ff:ff
2026-03-15T20:40:51.100541-03:00,demo_s2,train_02,P16,3.3,1.2,0.5,A2,9,-58,8,87600479,ff:ff:ff:ff:ff:ff,02:11:22:33:44:55,ff:ff:ff:ff:ff:ff
2026-03-15T20:40:51.100541-03:00,demo_s2,train_02,P16,3.3,1.2,0.5,A2,10,-57,8,87619492,ff:ff:ff:ff:ff:ff,02:11:22:33:44:55,ff:ff:ff:ff:ff:ff
2026-03-15T20:41:52.092289-03:00,demo_s2,train_02,P17,4.2,1.2,0.5,A1,1,-72,10,2233752355,ff:ff:ff:ff:ff:ff,02:11:22:33:44:55,ff:ff:ff:ff:ff:ff
2026-03-15T20:41:52.092289-03:00,demo_s2,train_02,P17,4.2,1.2,0.5,A1,2,-75,10,2233768357,ff:ff:ff:ff:ff:ff,02:11:22:33:44:55,ff:ff:ff:ff:ff:ff
2026-03-15T20:41:52.092289-03:00,demo_s2,train_02,P17,4.2,1.2,0.5,A1,3,-67,4,2236622339,ff:ff:ff:ff:ff:ff,02:11:22:33:44:55,ff:ff:ff:ff:ff:ff
2026-03-15T20:41:52.092289-03:00,demo_s2,train_02,P17,4.2,1.2,0.5,A1,4,-66,4,2236640336,ff:ff:ff:ff:ff:ff,02:11:22:33:44:55,ff:ff:ff:ff:ff:ff
2026-03-15T20:41:52.092289-03:00,demo_s2,train_02,P17,4.2,1.2,0.5,A1,5,-66,4,2236658346,ff:ff:ff:ff:ff:ff,02:11:22:33:44:55,ff:ff:ff:ff:ff:ff
2026-03-15T20:41:52.092289-03:00,demo_s2,train_02,P17,4.2,1.2,0.5,A1,6,-69,8,2238195325,ff:ff:ff:ff:ff:ff,02:11:22:33:44:55,ff:ff:ff:ff:ff:ff
2026-03-15T20:41:52.092289-03:00,demo_s2,train_02,P17,4.2,1.2,0.5,A1,7,-69,8,2238213336,ff:ff:ff:ff:ff:ff,02:11:22:33:44:55,ff:ff:ff:ff:ff:ff
2026-03-15T20:41:52.092289-03:00,demo_s2,train_02,P17,4.2,1.2,0.5,A1,8,-71,8,2238232346,ff:ff:ff:ff:ff:ff,02:11:22:33:44:55,ff:ff:ff:ff:ff:ff
2026-03-15T20:41:52.092289-03:00,demo_s2,train_02,P17,4.2,1.2,0.5,A1,9,-77,12,2239766357,ff:ff:ff:ff:ff:ff,02:11:22:33:44:55,ff:ff:ff:ff:ff:ff
2026-03-15T20:41:52.092289-03:00,demo_s2,train_02,P17,4.2,1.2,0.5,A1,10,-79,12,2239785338,ff:ff:ff:ff:ff:ff,02:11:22:33:44:55,ff:ff:ff:ff:ff:ff
2026-03-15T20:42:03.006003-03:00,demo_s2,train_02,P17,4.2,1.2,0.5,A3,1,-66,3,902281360,ff:ff:ff:ff:ff:ff,02:11:22:33:44:55,ff:ff:ff:ff:ff:ff
2026-03-15T20:42:03.006003-03:00,demo_s2,train_02,P17,4.2,1.2,0.5,A3,2,-63,3,902297830,ff:ff:ff:ff:ff:ff,02:11:22:33:44:55,ff:ff:ff:ff:ff:ff
2026-03-15T20:42:03.006003-03:00,demo_s2,train_02,P17,4.2,1.2,0.5,A3,3,-62,3,902315834,ff:ff:ff:ff:ff:ff,02:11:22:33:44:55,ff:ff:ff:ff:ff:ff
2026-03-15T20:42:03.006003-03:00,demo_s2,train_02,P17,4.2,1.2,0.5,A3,4,-64,7,903868895,ff:ff:ff:ff:ff:ff,02:11:22:33:44:55,ff:ff:ff:ff:ff:ff
2026-03-15T20:42:03.006003-03:00,demo_s2,train_02,P17,4.2,1.2,0.5,A3,5,-67,11,905443925,ff:ff:ff:ff:ff:ff,02:11:22:33:44:55,ff:ff:ff:ff:ff:ff
2026-03-15T20:42:03.006003-03:00,demo_s2,train_02,P17,4.2,1.2,0.5,A3,6,-66,1,906760747,ff:ff:ff:ff:ff:ff,02:11:22:33:44:55,ff:ff:ff:ff:ff:ff
2026-03-15T20:42:03.006003-03:00,demo_s2,train_02,P17,4.2,1.2,0.5,A3,7,-63,5,908316065,ff:ff:ff:ff:ff:ff,02:11:22:33:44:55,ff:ff:ff:ff:ff:ff
2026-03-15T20:42:03.006003-03:00,demo_s2,train_02,P17,4.2,1.2,0.5,A3,8,-61,5,908334040,ff:ff:ff:ff:ff:ff,02:11:22:33:44:55,ff:ff:ff:ff:ff:ff
2026-03-15T20:42:03.006003-03:00,demo_s2,train_02,P17,4.2,1.2,0.5,A3,9,-69,9,909888090,ff:ff:ff:ff:ff:ff,02:11:22:33:44:55,ff:ff:ff:ff:ff:ff
2026-03-15T20:42:03.006003-03:00,demo_s2,train_02,P17,4.2,1.2,0.5,A3,10,-70,9,909906067,ff:ff:ff:ff:ff:ff,02:11:22:33:44:55,ff:ff:ff:ff:ff:ff
2026-03-15T20:44:08.857481-03:00,demo_s2,train_02,P17,4.2,1.2,0.5,A2,1,-52,10,323137609,ff:ff:ff:ff:ff:ff,02:11:22:33:44:55,ff:ff:ff:ff:ff:ff
2026-03-15T20:44:08.857481-03:00,demo_s2,train_02,P17,4.2,1.2,0.5,A2,2,-51,10,323155587,ff:ff:ff:ff:ff:ff,02:11:22:33:44:55,ff:ff:ff:ff:ff:ff
2026-03-15T20:44:08.857481-03:00,demo_s2,train_02,P17,4.2,1.2,0.5,A2,3,-52,10,323173584,ff:ff:ff:ff:ff:ff,02:11:22:33:44:55,ff:ff:ff:ff:ff:ff
2026-03-15T20:44:08.857481-03:00,demo_s2,train_02,P17,4.2,1.2,0.5,A2,4,-52,1,324489340,ff:ff:ff:ff:ff:ff,02:11:22:33:44:55,ff:ff:ff:ff:ff:ff
2026-03-15T20:44:08.857481-03:00,demo_s2,train_02,P17,4.2,1.2,0.5,A2,5,-52,1,324507591,ff:ff:ff:ff:ff:ff,02:11:22:33:44:55,ff:ff:ff:ff:ff:ff
2026-03-15T20:44:08.857481-03:00,demo_s2,train_02,P17,4.2,1.2,0.5,A2,6,-59,4,326007581,ff:ff:ff:ff:ff:ff,02:11:22:33:44:55,ff:ff:ff:ff:ff:ff
2026-03-15T20:44:08.857481-03:00,demo_s2,train_02,P17,4.2,1.2,0.5,A2,7,-54,4,326026581,ff:ff:ff:ff:ff:ff,02:11:22:33:44:55,ff:ff:ff:ff:ff:ff
2026-03-15T20:44:08.857481-03:00,demo_s2,train_02,P17,4.2,1.2,0.5,A2,8,-52,4,326044585,ff:ff:ff:ff:ff:ff,02:11:22:33:44:55,ff:ff:ff:ff:ff:ff
2026-03-15T20:44:08.857481-03:00,demo_s2,train_02,P17,4.2,1.2,0.5,A2,9,-53,4,326062592,ff:ff:ff:ff:ff:ff,02:11:22:33:44:55,ff:ff:ff:ff:ff:ff
2026-03-15T20:44:08.857481-03:00,demo_s2,train_02,P17,4.2,1.2,0.5,A2,10,-52,8,327599603,ff:ff:ff:ff:ff:ff,02:11:22:33:44:55,ff:ff:ff:ff:ff:ff
2026-03-15T20:45:12.122617-03:00,demo_s2,train_02,P18,5.1,1.2,0.5,A2,1,-53,4,345525529,ff:ff:ff:ff:ff:ff,02:11:22:33:44:55,ff:ff:ff:ff:ff:ff
2026-03-15T20:45:12.122617-03:00,demo_s2,train_02,P18,5.1,1.2,0.5,A2,2,-52,4,345543508,ff:ff:ff:ff:ff:ff,02:11:22:33:44:55,ff:ff:ff:ff:ff:ff
2026-03-15T20:45:12.122617-03:00,demo_s2,train_02,P18,5.1,1.2,0.5,A2,3,-51,8,347117521,ff:ff:ff:ff:ff:ff,02:11:22:33:44:55,ff:ff:ff:ff:ff:ff
2026-03-15T20:45:12.122617-03:00,demo_s2,train_02,P18,5.1,1.2,0.5,A2,4,-52,8,347135511,ff:ff:ff:ff:ff:ff,02:11:22:33:44:55,ff:ff:ff:ff:ff:ff
2026-03-15T20:45:12.122617-03:00,demo_s2,train_02,P18,5.1,1.2,0.5,A2,5,-53,12,348672515,ff:ff:ff:ff:ff:ff,02:11:22:33:44:55,ff:ff:ff:ff:ff:ff
2026-03-15T20:45:12.122617-03:00,demo_s2,train_02,P18,5.1,1.2,0.5,A2,6,-51,12,348690495,ff:ff:ff:ff:ff:ff,02:11:22:33:44:55,ff:ff:ff:ff:ff:ff
2026-03-15T20:45:12.122617-03:00,demo_s2,train_02,P18,5.1,1.2,0.5,A2,7,-53,12,348708929,ff:ff:ff:ff:ff:ff,02:11:22:33:44:55,ff:ff:ff:ff:ff:ff
2026-03-15T20:45:12.122617-03:00,demo_s2,train_02,P18,5.1,1.2,0.5,A2,8,-53,2,349989238,ff:ff:ff:ff:ff:ff,02:11:22:33:44:55,ff:ff:ff:ff:ff:ff
2026-03-15T20:45:12.122617-03:00,demo_s2,train_02,P18,5.1,1.2,0.5,A2,9,-51,2,350007503,ff:ff:ff:ff:ff:ff,02:11:22:33:44:55,ff:ff:ff:ff:ff:ff
2026-03-15T20:45:12.122617-03:00,demo_s2,train_02,P18,5.1,1.2,0.5,A2,10,-53,2,350026514,ff:ff:ff:ff:ff:ff,02:11:22:33:44:55,ff:ff:ff:ff:ff:ff
2026-03-15T20:46:08.108094-03:00,demo_s2,train_02,P18,5.1,1.2,0.5,A1,1,-83,12,2509784490,ff:ff:ff:ff:ff:ff,02:11:22:33:44:55,ff:ff:ff:ff:ff:ff
2026-03-15T20:46:08.108094-03:00,demo_s2,train_02,P18,5.1,1.2,0.5,A1,2,-81,12,2509802475,ff:ff:ff:ff:ff:ff,02:11:22:33:44:55,ff:ff:ff:ff:ff:ff
2026-03-15T20:46:08.108094-03:00,demo_s2,train_02,P18,5.1,1.2,0.5,A1,3,-66,2,2511102475,ff:ff:ff:ff:ff:ff,02:11:22:33:44:55,ff:ff:ff:ff:ff:ff
2026-03-15T20:46:08.108094-03:00,demo_s2,train_02,P18,5.1,1.2,0.5,A1,4,-69,2,2511121473,ff:ff:ff:ff:ff:ff,02:11:22:33:44:55,ff:ff:ff:ff:ff:ff
2026-03-15T20:46:08.108094-03:00,demo_s2,train_02,P18,5.1,1.2,0.5,A1,5,-73,6,2512657466,ff:ff:ff:ff:ff:ff,02:11:22:33:44:55,ff:ff:ff:ff:ff:ff
2026-03-15T20:46:08.108094-03:00,demo_s2,train_02,P18,5.1,1.2,0.5,A1,6,-72,6,2512677468,ff:ff:ff:ff:ff:ff,02:11:22:33:44:55,ff:ff:ff:ff:ff:ff
2026-03-15T20:46:08.108094-03:00,demo_s2,train_02,P18,5.1,1.2,0.5,A1,7,-75,6,2512693452,ff:ff:ff:ff:ff:ff,02:11:22:33:44:55,ff:ff:ff:ff:ff:ff
2026-03-15T20:46:08.108094-03:00,demo_s2,train_02,P18,5.1,1.2,0.5,A1,8,-81,6,2512713093,ff:ff:ff:ff:ff:ff,02:11:22:33:44:55,ff:ff:ff:ff:ff:ff
2026-03-15T20:46:08.108094-03:00,demo_s2,train_02,P18,5.1,1.2,0.5,A1,9,-81,10,2514229481,ff:ff:ff:ff:ff:ff,02:11:22:33:44:55,ff:ff:ff:ff:ff:ff
2026-03-15T20:46:08.108094-03:00,demo_s2,train_02,P18,5.1,1.2,0.5,A1,10,-81,10,2514247466,ff:ff:ff:ff:ff:ff,02:11:22:33:44:55,ff:ff:ff:ff:ff:ff
2026-03-15T20:50:41.104582-03:00,demo_s2,train_02,P18,5.1,1.2,0.5,A3,1,-67,1,3008480,ff:ff:ff:ff:ff:ff,02:11:22:33:44:55,ff:ff:ff:ff:ff:ff
2026-03-15T20:50:41.104582-03:00,demo_s2,train_02,P18,5.1,1.2,0.5,A3,2,-75,1,3026758,ff:ff:ff:ff:ff:ff,02:11:22:33:44:55,ff:ff:ff:ff:ff:ff
2026-03-15T20:50:41.104582-03:00,demo_s2,train_02,P18,5.1,1.2,0.5,A3,3,-71,5,4563777,ff:ff:ff:ff:ff:ff,02:11:22:33:44:55,ff:ff:ff:ff:ff:ff
2026-03-15T20:50:41.104582-03:00,demo_s2,train_02,P18,5.1,1.2,0.5,A3,4,-68,5,4582794,ff:ff:ff:ff:ff:ff,02:11:22:33:44:55,ff:ff:ff:ff:ff:ff
2026-03-15T20:50:41.104582-03:00,demo_s2,train_02,P18,5.1,1.2,0.5,A3,5,-64,5,4600795,ff:ff:ff:ff:ff:ff,02:11:22:33:44:55,ff:ff:ff:ff:ff:ff
2026-03-15T20:50:41.104582-03:00,demo_s2,train_02,P18,5.1,1.2,0.5,A3,6,-67,9,6136881,ff:ff:ff:ff:ff:ff,02:11:22:33:44:55,ff:ff:ff:ff:ff:ff
2026-03-15T20:50:41.104582-03:00,demo_s2,train_02,P18,5.1,1.2,0.5,A3,7,-65,9,6154857,ff:ff:ff:ff:ff:ff,02:11:22:33:44:55,ff:ff:ff:ff:ff:ff
2026-03-15T20:50:41.104582-03:00,demo_s2,train_02,P18,5.1,1.2,0.5,A3,8,-67,13,7728918,ff:ff:ff:ff:ff:ff,02:11:22:33:44:55,ff:ff:ff:ff:ff:ff
2026-03-15T20:50:41.104582-03:00,demo_s2,train_02,P18,5.1,1.2,0.5,A3,9,-79,3,9026958,ff:ff:ff:ff:ff:ff,02:11:22:33:44:55,ff:ff:ff:ff:ff:ff
2026-03-15T20:50:41.104582-03:00,demo_s2,train_02,P18,5.1,1.2,0.5,A3,10,-79,3,9044945,ff:ff:ff:ff:ff:ff,02:11:22:33:44:55,ff:ff:ff:ff:ff:ff
